-- MySQL Administrator dump 1.4
--
-- ------------------------------------------------------
-- Server version	5.5.45


/*!40101 SET @OLD_CHARACTER_SET_CLIENT=@@CHARACTER_SET_CLIENT */;
/*!40101 SET @OLD_CHARACTER_SET_RESULTS=@@CHARACTER_SET_RESULTS */;
/*!40101 SET @OLD_COLLATION_CONNECTION=@@COLLATION_CONNECTION */;
/*!40101 SET NAMES utf8 */;

/*!40014 SET @OLD_UNIQUE_CHECKS=@@UNIQUE_CHECKS, UNIQUE_CHECKS=0 */;
/*!40014 SET @OLD_FOREIGN_KEY_CHECKS=@@FOREIGN_KEY_CHECKS, FOREIGN_KEY_CHECKS=0 */;
/*!40101 SET @OLD_SQL_MODE=@@SQL_MODE, SQL_MODE='NO_AUTO_VALUE_ON_ZERO' */;


--
-- Create schema smart_cart
--

CREATE DATABASE IF NOT EXISTS smart_cart;
USE smart_cart;

--
-- Definition of table `category_master`
--

DROP TABLE IF EXISTS `category_master`;
CREATE TABLE `category_master` (
  `category_master_id` int(11) NOT NULL AUTO_INCREMENT,
  `parent_category_master_id` int(11) DEFAULT NULL,
  `category_name` varchar(45) DEFAULT NULL,
  PRIMARY KEY (`category_master_id`),
  KEY `category_master_1` (`parent_category_master_id`),
  CONSTRAINT `category_master_1` FOREIGN KEY (`parent_category_master_id`) REFERENCES `category_master` (`category_master_id`)
) ENGINE=InnoDB AUTO_INCREMENT=18 DEFAULT CHARSET=utf8;

--
-- Dumping data for table `category_master`
--

/*!40000 ALTER TABLE `category_master` DISABLE KEYS */;
INSERT INTO `category_master` (`category_master_id`,`parent_category_master_id`,`category_name`) VALUES 
 (1,NULL,'Apple'),
 (2,NULL,'Food'),
 (3,2,'Chips'),
 (4,2,'Chocolates'),
 (5,2,'Beverages'),
 (6,2,'Biscuits'),
 (7,NULL,'Electronics'),
 (8,7,'Mobile Phones'),
 (9,7,'Computer Peripherals'),
 (10,NULL,'Media'),
 (11,10,'Books'),
 (12,NULL,'Kitchen and Dining'),
 (13,12,'Tableware'),
 (14,NULL,'Plasticware'),
 (15,2,'Fruits'),
 (16,NULL,'Pharmacuticals'),
 (17,16,'Medicines');
/*!40000 ALTER TABLE `category_master` ENABLE KEYS */;


--
-- Definition of table `category_offer_mapping`
--

DROP TABLE IF EXISTS `category_offer_mapping`;
CREATE TABLE `category_offer_mapping` (
  `category_offer_mapping_id` int(11) NOT NULL AUTO_INCREMENT,
  `category_id` int(11) DEFAULT NULL,
  `offer_id` int(11) DEFAULT NULL,
  PRIMARY KEY (`category_offer_mapping_id`),
  KEY `category_offer_mapping_1` (`category_id`),
  KEY `category_offer_mapping_2` (`offer_id`),
  CONSTRAINT `category_offer_mapping_1` FOREIGN KEY (`category_id`) REFERENCES `category_master` (`category_master_id`),
  CONSTRAINT `category_offer_mapping_2` FOREIGN KEY (`offer_id`) REFERENCES `offer_master` (`offer_master_id`)
) ENGINE=InnoDB AUTO_INCREMENT=4 DEFAULT CHARSET=utf8;

--
-- Dumping data for table `category_offer_mapping`
--

/*!40000 ALTER TABLE `category_offer_mapping` DISABLE KEYS */;
INSERT INTO `category_offer_mapping` (`category_offer_mapping_id`,`category_id`,`offer_id`) VALUES 
 (1,9,10003),
 (2,11,10004),
 (3,13,10005);
/*!40000 ALTER TABLE `category_offer_mapping` ENABLE KEYS */;


--
-- Definition of table `custom_item_master`
--

DROP TABLE IF EXISTS `custom_item_master`;
CREATE TABLE `custom_item_master` (
  `item_master_id` int(11) NOT NULL AUTO_INCREMENT,
  `item_name` varchar(45) DEFAULT NULL,
  `item_description` varchar(500) DEFAULT NULL,
  `category_id` int(11) DEFAULT NULL,
  `image_path` varchar(1000) DEFAULT NULL,
  `base_quantity` decimal(18,2) DEFAULT NULL,
  `mrp` decimal(18,2) DEFAULT NULL,
  `price_after_discount` decimal(18,2) DEFAULT NULL,
  `uom_code` varchar(45) DEFAULT NULL,
  `custom_item_mastercol` varchar(45) DEFAULT NULL,
  PRIMARY KEY (`item_master_id`),
  KEY `custom_item_master_1` (`category_id`),
  CONSTRAINT `custom_item_master_1` FOREIGN KEY (`category_id`) REFERENCES `category_master` (`category_master_id`)
) ENGINE=InnoDB DEFAULT CHARSET=utf8;

--
-- Dumping data for table `custom_item_master`
--

/*!40000 ALTER TABLE `custom_item_master` DISABLE KEYS */;
/*!40000 ALTER TABLE `custom_item_master` ENABLE KEYS */;


--
-- Definition of table `image_master`
--

DROP TABLE IF EXISTS `image_master`;
CREATE TABLE `image_master` (
  `image_master_id` int(11) NOT NULL AUTO_INCREMENT,
  `image_file_name` varchar(100) NOT NULL,
  `image_file` mediumblob NOT NULL,
  `image_path` varchar(1000) NOT NULL,
  `image_name` varchar(100) DEFAULT NULL,
  PRIMARY KEY (`image_master_id`) USING BTREE
) ENGINE=InnoDB AUTO_INCREMENT=2 DEFAULT CHARSET=utf8;

--
-- Dumping data for table `image_master`
--

/*!40000 ALTER TABLE `image_master` DISABLE KEYS */;
INSERT INTO `image_master` (`image_master_id`,`image_file_name`,`image_file`,`image_path`,`image_name`) VALUES 
 (1,'affsdsd',0x89504E470D0A1A0A0000000D4948445200000556000003000802000000405CAB95000000017352474200AECE1CE90000000467414D410000B18F0BFC6105000000097048597300000EC300000EC301C76FA8640000E30349444154785EECDD0F9C5475BDF8FFCFEC2EFFFFA38B7F10506009492574A96B9459373340E4465AA25D2C16F5E78DAE1756D36BD7882CCB0CC8A2BC2A507253ECEAA52F22907F2AD3C8CA4502752556FC03E69F45F9FF1F76E7F7FE9CCF3967CECC9C99396776667666E7751E2BEECE7CCEE77C3ECFCF993F9FF7F97C3E27128D46151B02082080000208208000020820800002087474818A8E5E41EA8700020820800002082080000208208000025A801000E7010208208000020820800002082080000265214008A02C9A994A22800002082080000208208000020820400880730001041040000104104000010410400081B21020045016CD4C25114000010410400001041040000104102004C039800002082080000208208000020820804059081002288B66A692082080000208208000020820800002081002E01C40000104104000010410400001041040A02C0408019445335349041040000104104000010410400001040801700E208000020820800002082080000208205016029168349ADF8A1E782E7A6873E4F06BAD2DEFA996FD152D87A3AA45455B958AA8886C9DA295DDA35503225D6B225D47AAEEE7E4B730E48E00020820800002082080000208208040B90AE42B04103DF882DABD5A1D6E52AD07AD0EBFB54997BF4BA5AA8828093B44F4DFFA97D656D51255ADF25F858A74531208E87B71A4CB88726D11EA8D000208208000020820800002082080405E04721E028846F7FF59EDFAB53AB24DF7F82B2BA3D2C36FD51DFD4845E4E8FEC3BBFEB6E5C88EBDAD47F54391CE9DAA7A75E9D2AF67B701BD3B1FDFABB27B3715A954C75AA2C754B4F3E08AFE97AB6E67E4A5D2648A00020820800002082080000208208040F909E43204103DFAAEDAB552ED79428FF1EFDC4555561C7D6F4F44B5567689448EB5AA4E91A33DFABEF2F0DE03DBAB22DDBAB61E6B8D1E3ED47A704FEB811D15477676E971A8D7A02EFD4E3FBEF7074EAEEADF5B1D6C891E8DAAEE1F8A1CF7AFAAD389E5D72ED418010410400001041040000104104000811C0BE42C04103DD8A8B6FF4C1D793352D55D75EE7264FB8EBDCFBD7478FBDEEA4F9FD9A947D7E8B19648BF6E074FFCF83FDEFA625555AF8A2A3D35400608C8E32D470E1DDDB9FDF0B6A6C35B36B4FE637D17B5A5FA839D4EFCF888AABEBDA2FB0F2B5929A0FF972A7A7D2AC7F5263B04104000010410400001041040000104CA4C20172180684BEBAE47233B96AA486BA473EF960387F63FB761EF0BDBF6751F3B606CCF7E435BA347A2910A151D36FC1F3B2F8D1E3D73D0E07E5E64598F50C6FE1F6D55870E1FD9BF73CFCE4D2FEEFFCB8AAA771E1F34AEC789E7D52855113DD2DADA6742A50C07604300010410400001041040000104104000816C05DA1C0290FEFB8E072B76FE2A52D94D75E979F8D557F73FFDD7FDAA667FED37BB0EEE3738BAB0E2D8BE684B2472529FBDBDFEF9ED6D134F3DED84CE9D3BA529AD8C0CD8BDEFD0BB2FBFBCE3D19FF5567F1C3E7948D753AAA3078EB4F638AFB2FA2A55D125DB9AB21F02082080000208208000020820800002652DD0B61040F458EBFBBF8CEC5C1EE9DC335AD1F9F0F30DFB5F786BDF886B0E8CFE6A971EBD4ED835A747CB3A15ED1AEDD2393AECF4AD6F4FEDDA65E88927C60D014863FFFEAEFD5B9F5C7DEC2F3F1E767E4BFF7386AA83878F75FD58E580AB2295DDCBBAC5A83C0208208000020820800002082080000259095464B597D929DAB2E3A1C8CEFF8B74EAD9AA2A0F3FFBF481A603BBCF5F7CE89F6E1E38F084EA4E5B7A1C7B3E1AED2CB703889CD077D7C1DA23874E1E30A04FF0C31DD7B7C7999FFB7CF58C5F6E6EA879F799CDAA6B55D5A13F1CD9FEAB68EBD1E099901201041040000104104000010410400001048C40F62180E8CE1515BB1E8A74EA11ADECD4F2D7A70FBED773C7A71F54A77E6AD8C9DD7B758F767FFF27B2DC9F6AAD503D3B1FED59B3F3FD338FAFEE555111EE70559515A77E60C888AFFD74EB5B9F6A5EFB9ADC53A0CBDE5F1F7EFF491A0F0104104000010410400001041040000104C20A84EB93BBB947F7AF553B1F5691AA6855F7D697D71DDAD5E7BD8FDDD7A97AC4D053FA545555B66E5F55B9FFA568B4AB522DEAA4013BF79D1D6DA9EEDFBF67D8C299F4B2E3C8AFCC796BD7A41D7F7B4B55B67669FED9C1DD6F6497157B2180000208208000020820800002082050B6025985005AF7A9F7FF47A9A3AA53B7E89B5B8EBDFEDEF6B37FD4E5F8E14306F615C7E8D15D15FFB8B7B5A25BF4D8B148DF1E87BA9CBEFBBD0F9C704296FD7FD330BD7A771B31F5FAB7DFFFE7436FBC1F89ECAD7AF3D623470E976D9B517104104000010410400001041040000104B210C82604107DEFE7EAD82E55D1297A705FB469C37B23BED13A60ECE0937B99C3B76EFB59E468B3DC1F30521951279DB263C739559D8EEBD5BBAD6BF875EFD165D0A41BDF7AE7CCD6DDFB3A1DFCDB91AD128360430001041040000104104000010410400081A002E1430047FFA1F6FF45B2972500D42B7FDBD56FCABE415F3AA5DABE575FEBEEE72B763C16955BF7B51C8B9CD07F5FE4837B778F38F1C4360D0170ABD2BB7FAF9E1FFEFAAEE6FEEAE8C1AEDBEFDFBBFDEF416B493A04104000010410400001041040000104CA5E20740820FADE12B91580AAEAACDEFBC79143FDDF1F7AC309C777EADAB5B3966C3DA2DEFA853ABA4F1D8BA86E9DA3D583DEDF3EB67BF7EEDDBAC9A200B9D9060C1B7E6870FDB17DAAEAF056F5E6FFB4B64673932FB920800002082080000208208000020820D0D1054286008EBCA60E37A94824DAD2D2DAFCF6FB275EDBBDEFC0BE7DEC8BFCAD6FFFAA62D79FA3AA4B54B5464E1EB0EBC8D843FB079E7452BFDC1A9E70D6A777B58E55475A7AEC7864F7F657729B39B921800002082080000208208000020820D05105C28500A2BB1F53AD4755456564F7BB07D4A8FDD5179C7CA2BD04803AF27EE4ED5F46A3D18A686B459FEE47FA8DDCD13CFAB8E3F50D02726B575959D965E4B5AD472B2B0EBC5DF1E61239626EF32737041040000104104000010410400001043AA440981040EBE1E821997E1F8D448FB5EC3BB0AFF767FAF43BAEA222625C5A5FFF893ABC3D12E9244FAB418377ED1ED3DA861B01A6B7EE71D219AD9D06AAA3D19EEF3FBE67D77B611BC6440DE4DF8CE183BD7BF73635356DDEBC79FBF6ED618F62D2CB215A5B5BD3EFDBD2D2925DE6BB77EF3EFBECB3239EEDC61B6FCC2EAB3CEDF5FDEF7FDF2DDDEF7FFFFB3C1D856C1140000104104000010410400001048208840801448FBC1239F69E8A54448F1D3AD272DCC13EB5FDFAD893FCA3BB9E8B6C7F5CA9AAE8D12391EAE30E7519B9EBBD910306F4700304418A123C4D45E71EC7AA3FA38E1DADDCFBEA91ED4F05DF51524AA7F42467DBB46953AA7DF7ECD9F3F9CF7FFE94534E39FDF4D3478D1A75EAA9A77EEA539F5ABF7EBD9B5EF63DEDB4D34E3CF14437B7E45FE4D9810307BEF28ACF6C85B7DF7E5BB29504B29D7FFEF9478F1E0D550B135C38E79C73BC45920767CC9811361F937EDFBE7DD9ED987EAFE79F7FDE24E8DCB9F399679E998F439027020820800002082080000208208040408110210075A849458FCA3A00D1C3470E567DA0AAD7E0CE9DACDDA3ADD1D77FA4A287556B8B74F5D4C053DF7FFF6CB911609FBEB9B911806F4DA2275C106DAD54077677DBF9C4A1C34702D656922D5DBAF4DD77DF7DE79D779A9B9BE502B5EF8E72CDFFE4934F5EBE7CB90402E412BD6C070E1C908BD81FFEF0875F7EF965B3CBDFFEF6B7D75F7FDD64956A9367E528C71F7F7CF251241FD924816C3B76ECE8D4A953F02A98943FFCE10FB76CD9627E9738427D7DFD0F7EF083C1830707CF478208CF3EFBECBFFDDBBF0D1F3EFC8F7FFC63F01D03A614B7679E79C6241E306080AF43C0AC48860002082080000208208000020820D07681902100B9F6AC22AD875B0F7539A3478F6EE6F0D1775755EC6D92E1FFAAB53572CA897B2AC6ECDD3DF2A493F2D8FF978356F41CD45235401D8E76DDF3B77D7B828ED2979EBCF4DB4DB1ABABAB3FF0810F240B4AC75846D7EFDFBFDF3C25D7EA2FBEF862492CBF1F3B76EC9FFEE99F2413F9FD57BFFA55107D1947D0BF7FFFE4946BD7AE751F9C34695290ACBC69A4772DC319CC2392FF1B6FBC2111811B6EB8A14B17FBEE8C41329C366DDA473FFAD1BBEEBA4B76975F82EC122A8D184A74C3EC72DE79E785DA97C40820800002082080000208208000023917081102683DF6B6929B01C82D015BBB1CED32BC470FFB4680D16D4BA2B246E0B168A467AF63C78F78EFDDB37B756FEDD6B54A2F1C183D66FD2B3F29A7BB4777AD53BB9E537B9E577BD6ABBD7F53FB36A8FD1BA3FB5F50075E54075F52071BF5CFFE17D59E17D4EE8D6AC7DFF48F4C39E8D2ABA5FB70754455EEDBDA72D0BE189E51472EEF1F3C78D0241B366C98EF280019BBFEE69B6F9A3432B5FEA5975E5AB162C5D6AD5BE5EE86F2888C0BF8DFFFFD5FF9E5E69B6F9601050F3EF8E0B265CB1E7DF4D16EDDEC80485555D5FDF7DF2F0F4A8CE017BFF8C5CA952B7D4B6532315B16DD6FB9FEEFF6AEBFF5AD6FC930FB8C754F4EF0C8238F9807870C19D2BB77EF2C7248BF8B0C733872C41EA071C10517E43C7F32440001041040000104104000010410082520C3FA83AEA8DFBA7546E4985C1B8F1ED8D1F59DDEDF185A53A3C7D1BFFED3E81B8B2434A0C70774EF7EA4CB89470EF4AFEADCA953972E15953ABE1039B4551D3B22371190450422910A192910EDD5ABB5E6A6CA88BE02DFBAF5E791D7FF3B5AD9A9A2B22A5A59A52A2B556555A4A2326AFD62FFC86A7A078FA8434723875BA2FB0E44FAF56A1D735545A7F1077F7B75B797EE55C7777DEFC3FF7DFCF02B8354FBCE3BEFFC8FFFF80F93F2C73FFEF1D7BEF6B5E4BDBEFDED6FCF9933C73CFEDE7BEF1D77DC71E6F73E7DFA48FFDF774799D83F68D020B3AA9FAC08F0D65B6FA52F8C2C1078C2092748E6924C6E7020031364B080ACED27B3062A2A2AA4372E830EE45909311C3E7C5806F94F9D3AB56B57BDEC822C19B06DDB36F95DAEF92F58B0C01CE5FFFEEFFF64D882B4A3AC3B60620152127950D6209078842496450DE429B7483B77EE9463C9BF63C78E3565FEE217BF386FDE3C098E4865FBF5B36FE228BDF7071E78E01FFFF8874C5290691153A64C314190E44D8645AC59B346E226F28B1CF1431FFA905CF397F10837DD74D3EDB7DF6EEA28030D24F39FFFFCE7EFBFFF7E8F1E3D64CD825EBD9C7B49046939D22080000208B4BF40D3FCB123EAD5BCCDCFCDAEB10AA3FF6E9C1B5D34C1146DF58CC8C4C575ABDCBFE30A6C3D591BDBB720B5492CB029B2A94253BAD2DAA54B5B23A70656960DCE5FDE2A06DA3D0122B9C80591E22008208000022270CD35D7DC7DF7DD1D9E22C428009900A0FBFCD19663157D55B781FAF7A33B5BB7FD8FEEFFCB267F1F38D0E5FDCDBD0E3FD36DDFEFABDE7F3CD2FC9BC8F6DFA8FDAFAA236FAB43FF5007DF8C1E78237A686B6440CBEE03AFB6B6C8C081BD91D77EA11711881EB17EDC5FE4773376C0FC629E3DA28E1D5232DFA0E6843D47761C3CDCAABA0ED0C73D7AB4EAE83B01DBE90F7FF8839B72CC9831BE7B7DE4231F711FDFB871A3F9FD3BDFF98EE9FF4B6FF6A28B2E4AD851560D7057F51F376E5CC6C2FCFDEF7F971EB8492633E4A5832DBF7CE2139F90490723478EBCE28A2BFEFBBFFF5B66F5CBF47E196B307DFA7449F0FFFEDFFF93344B962C91C90BB236A1DBFF9707BFF0852F8C183162F4E8D172FF0299AA306BD62CC9537AF5DFF8C6376414C375D75D27E31DA454D2F796C41229F8D8C73E26E9DDFEBF3CF8F0C30FCBD286B2F0A139E30F1D3AF4DDEF7E57C2105FF9CA57FEEBBFFE4B32F9D77FFD578944489820A16A3212E1B2CB2E9370C625975C22B11529EDD7BFFEF5F1E3C7CB140349D9D0607F239204B292822C0720EB0EDC72CB2DB367CF969047726E19DD488000020820D0AE023593A6D6AA86652B9B4C299A562E6B501B36D97FA9D5CB172B5537C58E07B46B419D832714D82E72DD5C3B8411AA8CD29F8F8C9DEF54367157E9F9EBFB0C6D9EA7EA474466AC0E953389114000010410B0052410AC6FA8E67CDE387FE6D6274408400FE66F6D891C3B7CB4A27F972AEB46779B6E88C8387F7793A5022BE5A680DDAD9F6E918AEE2A22D78DCD21F45201D25D8F1C5FDDD2ABE6BDE651470FEE8B6E5E1839F2BE8C0EF05449A209E6C7BBD97FCABD0823A71CDFDA6FE0FBCD671D39D21AEDDC4F278CB654B4EACE7990CDEDD2CB35EA9A1A730D237193F5F9FBF6ED6B1EBDF2CA2BE572BACCFF978EAB79443AB1D25B4ED8E7A9A79E721F910E70C692BCF6DA6B6EC8E0ACB3CE922BFF326D5E6E3D281D78D97EF7BBDF5D7BEDB5EE8405C94DE205D2C796450765DE812448B87D8064258F98D11CD2B7FFD18F7EB46BD72E6F196428C19FFEF427794AFAF692496363A3A4F7DE89D0E420394BE125B1C848CFDF843CDC4DE20BD75F7FBD0C91701F91C9119252E63B24DC4D407293810092ECB9E79E338965C9430922480EEEBE92B9E4B661C3868C56244000010410281E81F82E7553A3447ADD884011460094F20B5AD8518A098BE493D319C09082D893C6AA5EC6AD66F603F36AD5E239265410E41019B3240102082080405108E8DE78EA48706E8AD834FFF2FAD1ABE4E3C90CB78BFD999BEC9D5CC28400A49F79F470F4D8E196AA137A45DE54FB5E8EEE58E75F1AE98ECA6D02A2AD32CD402EDB475AE54F79A045C968F62183DEDB5D5BD5DABDAAA245BDB92AEABF24BF5FAE2DD1488FAEEAB41376EE3CA3E568759F5E5532AF40A78B4A8CE1501014E9A9CA287A93522EA4CBA569DFBD243AE0AEB427E9A5EFFD97BFFCC5A494750165FA40F25E7FFEF39FDD07E5EA7AC6C2FCE637BF71D39C71C619BA799B9ADC3EBF74A1656581CF7EF6B3175E78A13B5A5E1E940BEC975E7AE9C48913BD4BEBC900019926200F4A99E5AE7B125C3039CBA87B7950BAF46688816C72C55E32949902326A402AE22E1C288F48B6B224A10CCE97E8466D6DAD590A41C63BC88164AE848C87910BF82613090198D104124D90E085BB1E81945366FB4BF444861BC8540219B9209302DC2515A5F03241408639C871DDAC2493CB2FBF3CA3150910400001048A48C074A91BAD0EAEDD29B66300711100FBAA85F742464225FC52781EB3AFA39BEF5BF3E5FABB9D959B24F62D2CFDB1E26200D6B0052B02A02FE9EBCD1C47FF251F82E621F7DA8B278D1C63A28E0034C8257E67A714ADE21E307E77EF0802EB195381B485373998844E6E9E4B43E6B119F3CD0523861E14D1CB84A220800002D909E88FA9DA51EE75EA843FB3CBD3772F3D6E2DD8D6FAD2A4E80B9F8DFEED93EFBC78F7BE9D6F459FFF52F4A9335B9F3ABBF5A931297FFE30A6F50FE7449FAE959FD6DF8F896EFBDCC1233F7A79F3EB470E1F6A5D774B74E5C8D6273FD4FA87312DCF8C8DFEE9DCD6BF7CACB5E193ADEB2F886EF86CEB8B13A39BFEA5B5E9F3ADAF5ED6FACA65AD2F7CAEF54FE3A3DBA61D3E36BF69F3CBFBF61D94221FFEF3DCE89D2AFAF3C8BE176705A9818C457705FEE55FFEC57717B97E2E3DE49E3D136F672073E9172F5E2CBBC818FE9933677EF5AB5F958BEDD2B39547E482B67B4B3F992D2F53E83316C63B00416E0D20E9BFF7BDEFB9659311F8D2B53699C88A7AD215374FC9A27DE6C1175F7CD14DFCEB5FFFDA3CF8A52F7DC97D509606908BF9E671597740AEFFBB4FC9BA03E67199906F1E94C508DD02FFE77FFEA779500EFAC20B2FB88FCB057FB71832DA5F1E97F505DC3CA56F2F710137B1F4FCE5F75FFEF2976E02F194F50B4D0259E3C05DBC50DCDCBDF80501041040A0240436CB556E2513FE65CC7BADAAADABF3FC653D6C9E50F6C0F85575F259603D6CFDE67DD4FE5D9EB07EF3EC65FDEA1EC3DECB3C68768AA5F53F561C64426253463B0FBBC4DEB2C50E9E3A4D7C4379CB905C384FEDED43BB26BE85771EF496C37BBC98A82135249B57ADB22622B02180000208B445E0EAABAF4EB9BBF5B167667D257FCC581D1FCFB3E61DDAD99C8F1ECF7EE65DDEBB57EC112BA3843FDB52ABA47DC38C0238D61A3D7A5406F357448FB6EC5AAF0E36A84E5D229D23914E15B11FB9362F3FF2485585AA8AA84AF9919100320CA025725C3F75F2B0F7B78FEED9BDBF3ABC33F2CEE3AA53672B656545A74A253F9E11013286A0558A5651A12AAC4C5434D2BF971A78D28EF73E585955DD438603C86C81A3BB345A45241AB13BC95EE8E4DFDD71E9F294F4F39313FCF5AF7F956EB6ACD59F30B25D2E6BCB7000B9B22DBBCC9D3B77E1C2853FFDE94F65C9407343015975CF1D992F97DCDD7040AAC24862198D6F9E956BE332035F7E91AEBE9B5E561670D7E41B3E7C787286668D3DB37DF0831F947FA55FED76B96516838415DC6EB61452A6EBBBE9172D92B51B95DCF5C0BD443F79F264F3ACD45A561934BFCBC57F333CC16CB2D8A1598F50B6BFFDED6F12F5306B13C82657F59F7CF249EF8D0FCDAA81B240A0BBBB2C2B3874E850F3A70C4F70B3F2BD2383BB17BF208000020814A18075957BF1F2D5D6B589A937DE18FBCB5E07C0BAD45E3B7592751563C214F91224A9E32A62060C3813F2272CD2C31DBD7BD5CC9EEBDDCBE4553372B464327AA4CED6FA5D8F45C87C2CCF5C80D818005F5693B5993AE059E120374D30E146677E40D3FC398BE5CBDD8D13D2167ED9E5B2C2A07C058C4D5470860158A311620B30D88E351326F8CF6ECC4DF1C905010410402085C0EA1923964D357181CD53978DB00697E9A1631B9C256274A43C69991CBFBD6A663FE74419F4E762C29F396D80302180D64ED2FF97E5FD2BA3BBDEFBCB83AF3FB3F9D567376DF9E3CBF2F3CA332F6DFE43E3DF9F6ADCF4D48B9B7EF7E2CBBF7DA1F1C98D8D4FBCF0D2632FBCF8D8C6971EDBB061C5FAAD4DEFEF3B346AFFDE61279ED0FDC0AB7FD8F6E7BF6C7B7ECBB6BF6CDAF6A797B73EF3C21B4FBF7C68F7E188EEED2BD5A5D3CEED3B5FBC6FF58BF7AD7AE9178F34FECFCA17EF5FF3E6FA170E1C18B277F7074E3C51AF241F95D5040FBCAB5718A8AA5415816E89B76AD52A97CE74BCBD9BCC54FFE4273F294BE59B0765653EB9DA6F7E97A9F83FF8C10FCCEF6E5F5D86D99B1EAC2C16E0E6230F666C1D19ABEF86186470815977E0B1C71E333B4A0FD97B8F405990DF8D2FB8710177DE810CBF97190DB2970C49708F2BF305DC3EB679D07BC33FB30CA177E682AC2F6892DD75D75DEEB1E45E86B202824C0A90EDC31FFEB02C9DE8CE5390F1FF126E709712905B124A2023B9D63288C03C284300264C882D0E65161D304FB96B2E644423010208208040B1089818C09CCBA5A32FBD66EBAF0DCB6F7746D8CB371F6B85006BC4BC6C568F357E6BDA240BC178063A5ACF5A7BD9BDF0E035CD782C9D953D34FF764F19831F217C4AFF9A38F303E6DF2E370F30E18F348537EBE9C6165E746EA7E08E5E085F2CF64000010410C883800E6A3B1F5E3A3EAD83DE26466E22E15650DB13B73545F0DB2B0F854B9965881040A4A24FA4452FCBDFA975C79E1E9FDC76EC736F472F7AA7E262F969EE34657B9729EF759DF27E8F2FBEDFEBB21DBD2EDBD5EF5F771F77E59EEA2FEF3DA16EDF49571F1872F5F68313DF79EB9C3E7D7B5655557639ED82E67E53DF55E7BF13FDE7775B3EF9CEB10BF7AA11555DE5CE827247BBA8EADBB9EB076B0E1D37656FF78BF7F7BC685FF789FB8FFBDCBBBB3EFCF6D6337AF4EAD5AD9BD5E13FF84EE5BED7F4C0812EDD5A2AEC31EDE9E1366DDA6412C8656AB7DFEBEE52575727D3D7CD9FB220FF4B2FBDF4939FFC4416CF378FC8FDED6428BBF49FDD050565C13CF3D4D34F3FED6622EBF9676C3CE9EDCB47B84926DD69F97E24C7756F1020D3E965754037131962E076B62542218FCB087F595DCF24909EB91923F0C8238FB8BBB857F5DD47CCEC7DB399CC65FA80F953060BC811CDEFB2D6A09B4C2A2B2B20ACB336193D2157FE65428179566E8EE81E4E6607786FA0E0EE2E2B0548C9CD9F723F02771281FC29730AA40AE629EFA206EEBEFC820002082050DC02A6372B9D54EBB286FEAB61F162FB2F2979CDA8D83C007BEC61FCA27BEE357C6F35ADBD92BE246582C8782C2B03EB0B982EA375F13DCF9B35C42131C0E116A2BEDE1E0290014AC68CCA20D286FACBCD8A0156D0C47C9DB402076C08208000024523107BCBB73E94CC50B5B8B572FD02DC497B15B23E214200AACB403311A0EAC0AB03CE995073D592815FFCC929972DD43F5FFCC9E02FFE58FF5CFAA3C15F5830F80B3F1A74C9BCC197DCA17F3EFFFD4153BE37E40B770CF8E4F53DBA0FACAEEE23D5EBDABBFFE069FF7DDC65F71EF7857BFA7F7171FF2FDE75EAA7C676EA1A9535FF55E74AD5B7F250974FF7FB97FF3EE58A9F9E78D94F4FBAEC67032FFF69F5C4799D7B7EE084017A77BDBDFF4264F7667DB781AE3D5B2299EF30FFF6DB6FBB3D61E9A8CB7A7B5E65E984CB756FF388CC9C9705F0CCEFD25D7747D44B57F9539FFA94E990CBF87C338E403AC6122C3089A5A3EBBDDC9DAA15BD57E0250420C96475405941C0A4975500BD3B7AA7FD9BBEBD5C5D77D7EA971B019AC46E0441CA90B092BF3CEBF6C6E577591150FE75C732C8ADFEA44B6F327177944C6430825CA24FDE640D45098BB82BF94B40C15D6ED05B6C5950D08DA724DC2241C2076E5023C8A089548C3C8E00020820D05E02664CBE33B0D18C9C8F0D73341182FADBADC1FF32183279F964333BC05E355F2F8827E326BDCBF6C5C6CA67AA61E663991CAC23BAB31332E5EAFBBCFDC52EC3BEAB67C8B087DA790FF8DD75D09A0CE029459AC2EB6F861316798200B29F5984D18A06380B32665511764200010410C8A980BD46AE7E8BB683B41316995BC45A83E1644680DFDD6792F7CA69A1D26716220410ED395A1D3DA28EB6763EF866F4D0DB270EE87DEAA0E3870C3C6EC829C70D1ED87F90FDD36FD0C9E6A7EF2927C94F9F534EEC3BF0C43E034FE82D0F9E74F271EE25EEEAE37A9F7AEA89A70D3971E8A9034EE9F54EF7837F552D95320A20725CE7C3C706BFFFEE3F9D707CE7C1A7F497FC75E627F71F3CE8B8418306C4AE276F7F4EDF505046A0F7EC7734DA3FA398AC05E88E3FF78EB4373BBEFAEAABEEA569E9DEBBB9C97801591AC0FC29DD5AB9186E7E7FF4D147CD2F72B5DC9D3B70FCF1C70F1E3C386349BCA306CC1A7ECF3CF38CBBD7B9E79EEBCDC13DBA0CB63763FE653D423781DBBBF64634DC75FE4C321978EFCE80900902FFFCCFFF2C6B0DBAE30864E1403737F71E01B25AA12C2E206185E44D56319010803B875F2220DE9B17BA59FDE10F7F707FFFF8C73FEEAD912C4360FE944C649641462E122080000208149D80D5A376A7365A5D59CF444799BE289DD7C57ABA5C446648DADD616B1F3B322037CB5B5567CF15D07328F597236B2FF3984C83AF5B65EE879469F33F56F25EFAE8CEA8CC4C79FA3F6F861258E5F3BB27945D9B898BE5FA7DAAA25B59B86B20D8554E828A1DDE8A19E89100CADC6A508B8E689CAA0309A1C74B645769F64200010410482FA03F5E9CB7643D0CCC7C1AAEBEDDDCDA4F6F7E9F09FE7B15D03AC4E2827B5E8E3E7E4674D5B0E8A3A7BCBD61694BABDCF62F079B74238F6C9C15FDE3075B9F1DD7FAC205D13D5F7CF38DD5AFBFFE5EBAAC5B8E46FFAF36FADF2ABAA8A2E5AFE76DDDF444C6727CE31BDF7051251C90905EA203EED57E59903FE159B9DD9DB7416EB8E10637C1430F3DE43E25F7C3CB580C891798D5F264937EBBF4B465175951DF3C224FC9C5736F26EE9D0B4F3AE9248192A72EBAE8229358A221EE3AFC328BC12DC6EAD5ABBD39C8CD0BDCA7BEF295AFC85332B4C18DA4C822026EE24F7FFAD326A5C4029A9B9BD3D445EEEDE7E6B974E9D2E4946E02895CC818046F0277AE848C3E30B7546043000104104000010410400001048A5AC0B344BFDD15F2DCA5C67AC4BD2340FCFD00FC6E23E059F0DFF374C24D0752DD83A0CD4C11C92168C021DAAA9E9EA076FF5D1DDBBDE7B82991737EDAAB6797A0FBA64ED7B2ABA162C395914E3DA2955D23037BEDEDF2F1B7767C69D8D013AB3AF92C326767B3E3A5E8F27322470FABFEBD8F7CE0B3FFE8FEADD346242EEF9770405939BFB1B1D13C2883E165853C89A59BBACBBF3229FDE1871F76AFCFCB85EE5B6FBD55D6BA9739EDBFFDED6F6515FDCD9B379B7D65EEBDACA5EFAED2FFAFFFFAAFEE52FC3FFEF18F6521FDF42032C15E96D93369643D02599E403AF6B29CBE194A207310BC17F9B76FDF2EC3ECCDE0854993269919F832D0406E4F20BFC8587D99DD604AD2D4D4E4DEF94FE208522459CF5F9EFDFEF7BFEFAECC2F8F4B86F2AFDC71E0924B2E317597C2DC73CF3D322E400EF4D65B6FB9EB02C804FE7BEFBD57160294810372A34419F9BF64C912F9F3DFFFFDDF65AFA79E7ACA2C4C6040E45682728705A988CC7190D881445B6424858C8F9067255B59D1D0359121035259519547A484EE92816D3F8BC80101041040000104104000010410283201BDA0AB5A15F59B0CD07E250D1544687DE9FBD1FF3B39FAAB3E47978F687EF3D550FBFA266E6D3DD6F2D729AD4F9D1E5DFB4FD18DE71F6BBEF2B5A63FBDFBEEEE0C39FFE1DFA277ABD69FA9E89AC1BB36DCF4EA6BE92E599BACBCABE22763CB7878E95727AC6C2F97CABDEBD8B97B7DF18B5F748BE75D56F0F1C71FCF0822CB0ABAF95C7EF9E5925EFACCEE5166CD9AE5CDE17FFEE77FDCC4B7DD769B3C25910277CCBFCC02F02636730ADC2DA1F032C641EE4460D2CBD003EF8D064DCA5FFDEA57F2943B10C0E423FD7F59CF5FF635259C3F7FBE7B4477A14493D23D9C845A645D03377F593DC15B489905E04E22B8F1C61B3372910001041040000104104000010410282901190520D3C2AC2D6F57F2DB0212622D00E9E9454EFB5715AD909FAA7D4D95DB1E9203B73176117DEBFF45F66C8856F48C564454AFEEBB0F7EF86874D8F1C7F74C97EDB103D157FE47B5AA48D76EAA479F7D1563BA75B76F599F66AFE445F2BC8965F6FB29A79C22CB1B7B6F5327C3D4DD85EB6440BE2430BB486FF917BFF885FC2297C7651101F3A0840FDCCBFB698AE19D246FD2CBE803F728090B01B8D3E62599593CFFD9679F75E7DE0F1D3AD47BA0FBEEBB4F460AB88F780B3F64C810198D6F9612904D860FDC7EFBED0929CDA1651281592FD06C72B95EEE5F285D7A5342F7CABFFC2E0301C68E1D9B7C38B941804C34706F2E98B0BAA1ACB9E89E3332A6200D144F2180000208208000020820800002A527D05433AACEAC88A397B7191D70759B02D633CC440053ACA7BEA0DE5CA35A0E1EED74D2910BFFD4E3B8415997B6F5E89EC89F2E56D1F7A3155D2AFAF63ED267E41B87BE3AE0C4D3FAF4B167CBFBE61CFDED57D4965F445A54F4C4EA23033FBAADCFED834E1BDAA5B31E0F9F66FBFAD7BF6E5A21218DE991FE7FFFDFFF77DA69A7994EEF5D77DD25DD6919452F4FC9D5EC33CF3CF3F39FFFFCF4E9D365FCFFF7BEF73D19EE2E0B079E73CE3932054056CB93C1FFD249961EB274682FBBECB28C14123B903B08C83573C9592E83CB3576E9E7CBB87DF95386E85F77DD75DE18C4134F3C21C3F8E5A97EFDFAC9000199A22F130764DCBE3C2215B9FAEAAB13A200A6672EE3F06510BE5BF82BAFBCD2B7603FFFF9CFEFB8E30E991A20B949EC40EE83E8E248475DFE94C1FFA6272F1322643504B91F8184211200A53092D20CF597210312D4F8D9CF7E266B0D0AA03C22C307AEBFFE7AF78E03F2C8934F3E29359270898C65904913128CC82846020410400001041040000104104000815C09840E01440FEF8C3E747AC5E1667534BAEFD42B7B5CF88BA46E75D0B2B56C9C53F1D62FE50E81AA6B9748FFE3DF8ACC38D2E513A70EEE976EFFAD8F451FBB38D27224DAB94B64F0C9EF1E7FFDC1FE979D3A38F31D0182968974082080000208208000020820800002087450817013010421D2A5DFE1336F55B2947B44F57CFDBE438DCBB29369D9F77AC59BBF56955DF5DDE13AA97DAD67EC6D1D3BF0A45EE9726B3D127DE6FF8B448FE83BCAF5E976A8EBC83D9DCF3FA1BA477605602F04104000010410400001041040000104CA4A20740840743A7FF0CBBBBB7FC20CA9EFF2E7FF38B87D5358323DFCFE851FA8A3FB5445E74865B4B5B2EF7BD1897DFBF6EC94E62E00B274FFAA496AFF1BB20A405426FFF7ECBDB3FBE73AF53CB95BB71CDC95206CF9498F00020820800002082080000208208040C909641302A8ACEA7474CC778E569DAC22AAE25073A7272E397A685FA89AB76E5F57F98F2755A7DE72473E55716C77E423473B8F1830A0779A4CA2BFAF536F3FAEE72D5455457A77DDD7ED637B7B7EF68401E9560D0855241223800002082080000208208000020820D0B105B2090188C8F11FFCD87BC3BFD572588604A8AA1D2FA935938F1EDE1F502ADA7AB4A261AE52152A5219A9387AB4A27A57D58503AA7B27AFD5E76618FDCB37D4DF7F1E89CABD082A22BDBA1EEB724A73BF6B7BF5E9D3AD6BE78007251902082080000208208000020820800002652E906508404701CEFDCADBC7CF683D286BC1AB4EFFF85DE4910B8EEE79338866EBE6FF8DEC7C395A2517F0654CFF915D9D3EDBDA7D649FDEDDFCF73DB63FFA6C7DE46FDF8B4800205211E9D629DAB9DBBBC7CF6AED71FA8903D22E1C10A428A441000104104000010410400001041040A06C04B20F0174EA5CD5FBB377BCD9F5E296034A755355CDCF56AEF8E4D14DBFD463FB536FAD07DFABD8B8285AD159AF0218DD7FB8F2B49DDD270F38BEABEF1ED1F7D6B7AEB958FD6DBEAC0320FD7FD53912ADAA6C1E307B5FBF49034FEA9966D440D9341F154500010410400001041040000104104020A840F621003942EFFE7D7B4CBC6B5BD5E463B214405755B1E7954E4FFF7FC7FE38BB65FF3BA98E1F6DF85964EF5655D925A28E298907F4FED7CE3D4FE8D5CB674A7FF4AFDF546B2EAE78F377914A7D070055D12AFDFFED03FF73E789579D72724F56010CDAC2A443000104104000010410400001041040C012D0EBEBB591E2DD37FEB1E791FF38E5D0C3DDFA2BD5A2D41115ED39B065ECAD95033F16E95BE3CDBC75DF3B15BF1A1FAD3AA2BA758D546EDBDBF713DB4E5D5233A467A72A737B016B93DB04342D8BAEFFAEDAB7550AA7A4FF2F05941903DD7ABD33FCBBBB4FBCFC9413BAF7EC9962D6401B6BC2EE08208000020820800002082080000208745C811C84000467FBBB3BDF5DFEED13DEBDFBF8010723D23D9765028FA968AFEAE8A0F191533E1D39E19F541F8905448F3D39A74ABAF77DFA452A77B67489BC5EF3CBFED503FB0D18A8798FEC56EFFE39BAF531F5EAFF460EBE658DFCB7D48F4950401D3EEEF4773FF0DD43FDCF3FE5846EDD7BF8CF1AE8B86D44CD10400001041040000104104000010410C881406E42005290BD7B0FBDF1FB155D9EBBED84CE1B7B9FACD7FBD7818056A5AA2A5597E354AF535B7B8D8CBCF66755198D74AE52EACD9DD593769F74D590CA17237B5F91090191779F8BECDFAA5A0FE93A49E73FA25A2588206B0D5654ED39F5F2F787CFAEEC7DEAC013BA77EEDC290795260B04104000010410400001041040000104CA4F20672100A13BD612DDDAF4FAEE27EEEAF5DA2F4EE8B7BDD700A5A4C32E510033D540AEE757A86844FAFFB2B51CAB3AAE221AAD683D1091ABFCD2DDB7BAFDFAA755B51C51C70EEAC70E0FF8A73D23671E38F1D3FDFA743FE178D6FF2FBFD3931A238000020820800002082080000208E44E2097210053AADD7B0FBDDDD8B8FF8FF7757F7345FF2EDB7AF76BEDDC4396FF537A56BFF4F04D3840FE353F6639C2A88AB6583DFF03EAC821D512E971ACFA8307474C3B74CA844E3DFA9D787CF76E5D3BE7AECAE48400020820800002082080000208208040390AE43E046014DFDF7368FB962D07363C5EF1EAEFBBEC79A947F4B5AE9DA35DBAE9584065277D833FDDF19745FE8EA996A3EA9874FE8FA963153D5AFB0C6D3DF9ECA3A74D3876C23F75EADEFBB83E9D7AF7EA518ECD429D11400001041040000104104000010410C8B540BE4200A69C7B0FB5ECDAB167DF9B5B0EBFF142F49DC6C88E2D95FBFE5179745745F4A0DCEA2F52D535D2A557B4C77191BE03D57135911346B6F6AFA9E835B07BB7CE7D7A54F560D9BF5C3736F921800002082080000208208000020894B3407E430046B6A5357AF8C8B17D070E1FD87FF0C8FE7DAD87F7AB9616991410A9AC54555D2A3A77ABECD4B553E7CEDDBA564AE7BF4BA7CACA4A333D800D0104104000010410400001041040000104722650881040CE0A4B46082080000208208000020820800002082090AD00D7DBB395633F041040000104104000010410400001044A4A8010404935178545000104104000010410400001041040205B014200D9CAB11F0208208000020820800002082080000225254008A0A49A8BC22280000208208000020820800002082090AD0021806CE5D80F01041040000104104000010410400081921220045052CD456111400001041040000104104000010410C856801040B672EC87000208208000020820800002082080404909100228A9E6A2B008208000020820800002082080000208642B4008205B39F643000104104000010410400001041040A0A4040801945473515804104000010410400001041040000104B2158834373767BB2FFB218000020820800002082080000208208040C90844A2D1A852BB93CADBA7E591134BA612143498C08E735FA8AEEE1C2C2DA91040000104104000010410400001043A9A0013013A5A8B521F041040000104104000010410400001047C0508017062208000020820800002082080000208205016028400CAA299A924020820800002082080000208208000028400380710400001041040000104104000010410280B01420065D1CC54120104104000010410400001041040000142009C03082080000208208000020820800002089485401B42006F1DF8C8E477AB3C3F1F59D1D206B3C3574B56F5079ADA9045885DE30ABF674DCA3D134BD5B4628755E51D0BDE8ADF27688641CBB866A11C254DC182E6433A041040000104104000010410400001048C401B4200D6FEE74C3FFED88A13CCCF5F26579606AB74D7AFDDABEC92F79D3EBC6A78C072AFDB73FA92A3D3BF2995ED3FEB64CF3E596718F0B82443000104104000010410400001041040A0CD026D0D01B4B900ED91C1DBC7D62935FA1413B0E872CFBCEE35C14AB1E6D9834A75FBDC3949A9B3CD30CD61C7CF944043EFF1C10A462A04104000010410400001041040000104320AE43A04A0C7C3EF58B0628F99202053039C91F3FA775D9AC4E9034923EA4D913DC9AE96FEBA6A5950EF9D26608DCF5F783821656C268267779FE9092755492F7EC9B79386D9A7DD4B46E64F7A420E7870D2E477AD2279B610199A921FD0D5717F894D7FB0E71D2CD0B300BC1301ACEA9B39176EE2F475CCD8F224400001041040000104104000010410283381B68600D62D792F696EFCD11B9EAE7A79C5092F4FEF24CF7E49F5913902D6EFBBDDF9F3EEF48195171CBDE15ABF79F5CE407DD971C9B7A5CB5D79D1799DD42B871E3533F0D71D5EA2D4F473BBE848813BA4FF9BDDE470BA73EEFBA0B75D4FEEFEAD0BECCEBC1D47304187E4AC3C7BC965F9957AAF6E2B579C704FC24080B0193E7148D59F70ECAEBE2BA7749F757937F5CADE3B4C4CC1D4EBF2EEB3661E7F476C7282C405DEBB41F51252915C799A8590A9B465761A535D041040000104104000010410400081CC026D0D01389DF9B8B9F1E79CD74586D6D79C5225C737E3EDADDF8FBEFC766281C64FE9758E3AFAE07371EB08363D77689DEA74D9586BC7C93DA6CB15FB670FD78CEDEAA67407E47B53AA73BA9894BE0F261C580FB3BF4B0EADD413BBCCAA7B41F64AC3192EC30B7AE8A5044EEE325EFE3DA787F4F6973C20EB20B62C78E0A01ADEEB8684F882131730B315C6CFD4D46D2C6DE6F382140820800002082080000208208000021D4EA0AD21807C80BCB2EDA8525523BDEBEDC961AC2BEDEB9E3EDCA40EFFFA095986B087CC93B752CA380233487E975C4297CDF7419F729EDCFD2F7251DD1A0EF0AD152D41F74A53E12C33740638ACD87FC32B7A0840C2C2044D6F1E53AAD3E927C51D3807A5CD47CB9127020820800002082080000208208040110B14630860F8A04E4A1DDB9470D73DB9007EAE35667E45CB06678C8095B2D31D77D9B724D0372698D9C5F7C1544D600D43D05BA8BDD2346816195A231D8EDEB0C46F08408A0114B92A6D119F99140D010410400001041040000104104020C702ED1B026859306FEF3AD5ED5BF17713F48EF96F5AB17F8974F2A774D1F53643FD97EC5D37BCEB45D6180193F286E5CEBA80D65279BE0FC6B31DBEDA5D544F2FE6AF271D04D82B0D7D1B33EC72C3748965283381227133B5D6330564D3EB02CA7A076D2B6D8ECF21B2430001041040000104104000010410280981B686009CE500EDF5FF03D6D9D9EBBD1B5E91D5F5CCADEFBA7C4EC6E49B85F16444BDB5B69F0CEF3F7DC9D1E9DF74171AB0D278BBCA564A6B3EFFBB55D71EBAACDE1A45EFFBA0B7646FB56C7865EFE96681FD6F1FBBE32E2B7FFFBD3CA54A53B71019FAE7620D04480C853849BBDCB3A2EF74BBC0EF3D78DEF17A31C28C750CD81224430001041040000104104000010410281B8148341A556A77527DFBB43C72625E109CA5ECFF127FE53FE0B1E41683A72F5176A73DE03E247304769CFB427575673C104000010410400001041040000104CA53A0ADA300DA41CD2CA7CF86000208208000020820800002082080000261044A270420C307645EC0D35D5F9E69AD0BC086000208208000020820800002082080000261040A3E11204CE1489B5B012602E4D693DC1040000104104000010410400081D212289D5100A5E54A6911400001041040000104104000010410283201420045D620140701041040000104104000010410400081FC081002C88F2BB922800002082080000208208000020820506402AC0550640D427110400001041040000104104000010410C89D40E5C57F7733631440EE5CC909010410400001041040000104104000812216200450C48D43D110400001041040000104104000010410C89D002180DC59921302082080000208208000020820800002452C4008A0881B87A221800002082080000208208000020820903B014200B9B32427041040000104104000010410400001048A5880104011370E4543000104104000010410400001041040207702A5100278EBC04726EF58F056EE2A9D98D3E4BDE72E3C9CBFEC8B39E7D0B6256B15BAA69E66D3FBBE5B95DF9330E92C694B81339C72796BC48C65CE9820FB174BC84A596DFA91152DD91F30CB3D0F5FADCF25FD93F1E84D2B765415E49D491FA8C0A7B7BF5EC8460CDB04C14FBFE029C396A118D267AC5DC60439A8459EDB3A07250C954507AB4EA8BA874D5C9456393CE773985558DA42A42F48F38535CCC797B4B06528047EC66314A4753296224F09F2D822F977CB63E1B3E76E5308C0FAE218F4EB6CF6652CB63D131A32B7ED2AB9D51F688A55B96541FD9E35C52610BC3CF6FBB239498AB222999BAF65C1BCBDA3BF79C2B115FD679D1CBCE6E153662E49F83C73BB47F19730B7F5CD7D6EF272DEB56478AF9757C8E9D477F492FD695FDA2D8F3E7D543D71D89B66CDC277AB3CEF0F097FE6BEBC459E63DCDB4B9C4C91173CC7C54BFFC2F42A1524A294E3DA59D92DA88F0F99ADDBA35F08A5FE8ED42E4D537268092F73FB3B675E2F0BE5E1144EAA45C610701E0AD11E5916A2E299BEA4ADDB5392DAC5F35295F75BA7AFE7FD0692F7F3A97804FCAADA01BAC06D0801ACDB73FA92AA95FABBACF93AFB5EBE5E632777FF4BBE7B5F793F91031FE0ED63EB5E39F4A83BE4E1ADC30FBE72F0D7EB02EF5E8C093BDD719775927C534D2ACE28407A34DD049D4E3FA9E0B2A578DA672C73C60405672EE801F5B9A4CE39AF4B8D3E6A971BA61F9B94A64B662556CAFBF23FFCEB27BCE54DF8B3A055299A83396F2F2B4E78F9BC43A7C7C54F93CA5886A79F7C85BAD64430F5CF4A1517514AD988C50735EBF26EEB9E3EEC06C7D73C7BD0791D15CD9918B620D9354DD8A37480F4FA6CB44EE0BB7A9DA3DCD77B9E23F279718BBD594975FE32B9322F0729C64CF35CF10C5FD25A163C70705D8680BB9F5AF1BD0DB64FDBCA3BD5B78FD95FE3E56538AFBBF505A63DB6A26A91B05DE0A22ABCD37A598700F48B6AFA377B8FB733EA72CF37BB99D7988E8BC4BE87C955AF77AF363D584F18C90916C8985809E55A2363EB0FACF1DD3161784F62267A5F3B7FD5B260A17BFD5CE75CF0335457D609953957BC33D5DA73C15F97B7E9CD634A1D7DF0397B7C72D37387046FC39BF69FFAA25F4208DC1A35B0C079DCA6F046CE3CBFFBEC5E48A373BA4C77FB339959FC3063E164E70A806FF595CAA6A6A924AFDDBB4E1DBDE15AE71A54721954DC69AC2F4C9993D96A2969113752E8C6C8FC8A77F86AE7407AB844C2691FB8E2856B4FDF22B9D325529E96CE7C8A140DE77D97307A85DE3C972C52B7977572C6DEE5EC7730FD5AF6DB3D5685932B47CB1BE136798DCB76F88E2547D3D4CE7AED779B7E815AF2AC99A5648D2090FFBFB2F774715E7820FE4F2B8DCFD1AD77C8856E08DF7BE92CF6123BDD5312FF933340263190F408796BD19AB15DCF79E5980E9BF87EDC785F53015EA4F23E2CAFFAB8E14BFEEFABF12F7FDD4C013E05821420F94DD2FF5513FFD611C7AB2F8EA9E9C7DF738EFDE8F899EE47B6FD88FF674AFC0B39EDBB995F7DF3D1C4F2F1110B8E4BF0ABD3656353F7A07C3E5F7C3F147CDEBA133F4CF35117F3724ED53429DEEDD3B542DC8556CF6BDCF773D6FB4193EA9592FCA5C27E0B72CEED857B3C5FBDCC3BCF9E7C51A5CC37E1A5E7D3C461BE8EFA1F26E8972EEFDBAF160EB459DF0DDCD191FABD5A7FE8046F4DFF3784606F41BEEF54814A9D8B44A9BE00B8754F65E8FBEA48F8929650400910C827E9706F303D9928E991D45D0FFB9B49AA2F3999BEFEF9748502BCB1E7023D451E7EEF967149E5C2A4AA1A993C06D6F713CA1D2CE0995A98E24B45ACF727DF9D4AED5B71CA2EB0F5FAF5F450CCEF9ED3C95353EBEDB4FE401E1B3753D6D9860092A36EBA83776CD35BAA66728FE9AFECBDC3EEF6EFBFE1956E9FD3DF3F0E5FFD6D0919D8A15CB564B73BB7FFC179873F670596C6FBEE2881131DFA355B72265D3EE77E4596223DE11EF7F092E15D33D53DD7CFAFDB7F8332437CE5C77CD3CA5CEB8470DA2BDB8E9E33BC9313B0D42381F59F769F418D9F695FCC7979BABAE15AE793E395BD2F9F6B2EB3775BF2ED7483EDFD77CF354380FC02B0F8625E7BE83233A0E0AEAE0FA6AD7E96354D96B44F3F1DC3B662F6F26DDBAF0C4AB9A7B16ED057F67E4BF5715AE4DD2F39BFBB7168BFE275B9277689A3F7F884D33E70C503E0E724899F435C993542E269993181BC4B3AC1E697A77752CABC75147093025CABBB4CA6EDD62D79CFC420DCF65A7981740BE5255629D724A582CEBBDC61E9994FBFBC7B4D8ADD3D15D0A152F5C42EAB6369F5E7ADDFFD221D5680E0822E370CEAA49ED86FBD5B56CE9AD777BAFCDFCC2398D93DFECF2EFA33C6AFF0B2C792D7AAACF7A5E3EF186ECA2F9B7CE3794FDE9CCD302E4BDBDE922A6B3FEE97897C677DCF7DD35B799A357C293342BE1A74CDF2BDEB2EE892F28D37E9F44BFF2255CEF5C69765B046FAC105DE977FF04F810CEF1229DE247DDEEDE3DF3ABCBAD6C774BAAEB2E7DC8E7DA68482F2A96F9EDA573EEB9DE0F83AFDF97E51CA6959FE74A93E1412DEBA037E98B6B592299B26C5474CA6CF14F774F57C38FA3A249C2DC14F33FD8EF1F2E5EE701275FAF44E4E7452E978E5055DDA6A92D5FEDEE64B6EE2B05F47938B10F84B978EC4D9C36D625F593354A966727FFDF6628D055BB370D786E9C73B43039CCBE6B1AF3A815B2AE05B50E15EB929107CDECA321AA6F9E2E17E494B3C9C7C2E8CBEBCF73D97775BF280738D30B9EEC98F78DF06537D33F1FDEE9D9F37F6AC5E1C41764AF96D3CB6B375F52EE94330D58EC9A76E8A9E4BFCD7E612FB569CBA0BEC8FEE399DDC9ADAC39AEABB0769A73CA5C93604A08B931C163AFAF2DBF278AC5BAE47EB4DEFA1BF93C967B6FB855E5F0A3329653B2A2F4E772881DB9F8FEDE8ADB75F26E3CFEDA65E6BD131A4E57BD570F399A4C333324A304F6429B33DA9EA1CB757601205AAB5373F3DB277F4E57DEE30014B7D9275FBD6E55509F38165077DBD2BB69F334C5D0A604561326EF1BB674C9EA304AE4610167F4CE794D3A7901BD34D57FD9035CD24A94BEE5B06EF692C5CCED76EDD22DEDF135B2750F1521E34536973D46E3ED9A42C92376DC6E22526D0DF239D6FF6FAAB5BB0933987B5B42EBC3BEDA53FF69C2BF04EB47B921E876F35E2393DEE18AEACAF14FADD46BAE5379C637D0FF6DD3D5644FDA9A92EE86B264FE9FEBCF5BB7B913696500BABE9E776B1CE90D8B0A034954D77F4D32AAD5063E545E74957DF2ABF999260DE9C13B6E4CA9A04C99998424AECC37A7EFC4C3D343700420E5B4CB272AFD5BF3B49F53D36D37ADB4FF90E13777EDA7DE38C2F521D9BF64CCEF229BEE7E51FE25320EDBB44CA2A647C592594CFEFEA8D5F0BA47E2F4A5BCEE4FAE6B6793DB9C967BD990B90611640A6D68FAF69E25BB73DE72BF087691BAAEB7B612DD5474CD0CF14E57E38667248FB4A493ACDA48F645FCE312FF6DEB3E4ADC95EA9445FAB9037AB365064BD6B42F3D9F9789A38D4D7D174C5C8F0A5CBAB9D329BD89B951BF6AD99DCE78ED7742058DEBE7CA606646ECDA4960AF81654C057AEF75DDA13EF4E3EC73CDD045FC3405F3C12F6942FD5D6B504EF30A2E4BAA7D548FDCDC4F7DDB8306FEC59BF64E2770CF22EA1BADC2393C84ED3C30F63CD9771C7B86FE9C92F4CFDD9EDE9FDC54A553ADF8A837EB6A6682A3310AC4F7E9718CB749AB4250490DCDBB45F0FE3A7F4B23E1BF46BEF5BB1F94E0727D94344ACCB5FF61637CB3AC58EDE4A246562BFB0AD63CDEB315DAE98ADB37ACE859F67A5677AF455DF4E58EB3B73AD63D57BAB65831210FD4D5D621926B23EDE195EA193651C2595BEBDDBB87BA69329C5F3CEC79EBEC0EB867B32B1F8620EAF1A6E1FA3EA74E737FF83E6AFA6FE6508B95840D8E205AF78966D147EB73C14A9E6942AE5F6B5BC1FF6E14B97DD1E3206C7F365C5799B922EF1B72594A9870678AE965BDD6929ED0AF9666C7783FD77F716C5EA339F33A82A63F1A493630F823073073CB3A053ED9BF9E8DE3DF5D03E35FA94A4A1D4FE95F53FA6356B29F1CC0F578C8C109913986B0E3A9E120FEBFB0E9339BB546F624ECCDAF7790F42884F818C85C94915320585C3BE172594DABFBE19AB965582D8677D86A10DB28286CF970DFF9A867CEBCEAAE029764AD1346D7D6BF57E3806398582A4B16A102B98F5E7C95D2EF35CAB28F4882DDB34BEF9FC9A38CCD751BF860AFE0249F0F1C92C3625DE13F6AD9C556FAD7130C5378612B635A55D827D112DE42B37B682835FBCDB0B95D130E4ABA369C5FE25F6D030597C47DDB0DC9A31975CF7B41AB9FE6612F81597CB779B34792597C7B96F9167F89BB976FDB967BD0B7BA7AF88E7D40DF2DE1BFC8566AA12F24CC88365A6CFD6B4876C5AB15B4650FEB2F01DD5F852651B02D0EFFEEE957C2BCBB8F89CF5D9B0F0B0F3DA330DE60E92D76792CF852FF7432561C7B83788E44CF4F8C01BAEDD651DCB7A917FDB1D0E9A8746CF90A58E96C9E80EE50C210E546B374F67CA8D0E833DB1FF4B4F2BEB53415E4816B51E61EB8E4277274704AE631B770F7C9CA4847EEBF7043919ACD0631CA63BD1571D7BD99EF29BE233BB2D50E96B1AB00C6932C9A221DA7ED0EC9B2F614F27F0998F229DD3DB1A8D6CCD8F8A0B18E5ACF4E9331A2EA3EE3D5F56F4B5FA995D4C47D75C31B6FAB7F6668D53387AC3127B08807E87F3DB3DEE88FAD26290CDACF3673E5FCDFCFFF457A1ADF7D78C474F3AB2BBC888FB4CAACAFA165A7F318A8DE7B29364518C202299D2E8E1CDDEF965E1DE7833E59E1CE948BB47DB3E05DCAC03BD49A62D88F531EDAE2CE393348BF7229F5C92EA9BD933BB14FAB3FEE5E5F2BDA247862B27C974B9A96976C5F6DB2B4DD3B4F5ADD5F3E118E4140A92C6D4205630F377FCB58ADCD9649953AA2636A18A2CBE8E4A39429D36893E01EB610D6E9F5E75C33CEFADA0DC7D43B6A6BD5FC0B7A082BD720352249F63493B867B7598BBEA989977EFEA256F6277D849AE7B6A8DDC7E3309FE8A0BCCD6A6843EE5B128FC56FE1B3F53A6133A23703354C4397583BC8882A449A864B833A14D423E3BA7EF02673C9A5E4A50DD51DF7E0B2B3A25CC360460CD86F5CC3CD7035C3DC34AAD679F38168B6BCAB859E54C9D95817CEBCC0257C95BD28EDE242932D173019C18AA194392DF3169096D2FFDF6847989D6853BBD05ADB55D49FDFDDB042C4FEEFEAD0B8EAE5366BA63E5C8D3AC01C9DE3539F4EFA943509EA916664141BDF9EE1E372923E3699BA304A1586298F66213BA10E907DDE5AFA6DE11198106FEF989A56AC7546D919383B6A1E9F4E22566E17A7DAA5B0331F255249900EFDE64A41D167C36A3EEED0B05D60A3DCE6A9D26DCD9B2E935F9D70D7D4AC0514FA17757264FBDBBA39F7C495F4F626A59B3CE5EEFD34EA74F2DCF12CA7A66A9E9C8250C7E89FB33F3D1E3DE4BF53487148B24FB56D6EF04327325EC0996F6CAAFE18AD186D33271D793BBFFD25D2125D43B4CC632B833CF7DDF5753ED9EEDA7809D5FA82AA47C1BD79FA7EE921692F39A85D6D2446EFAE09F291995DCFA664CD98604F259BFE48983193EDF7DE97258D33694DFB36B8AA669FB5BABFBC194EA14F29E2DC14F33EF6ABEFA44D24B8A58D72A7649CF2ABFDFB80282A76CE2605F477D5F44C14F9B789F8045B65E92B204409F59937BEB1B9A24DF2026636BA63952C0B7A082BC72038164340CFBEA889BE16F56C339F82D5970D1DD92EBEEAF91BB6F26C15F7152C8027C3F0F551EFDDD5B863D5A436F32EEE89EBA415E44A5F6ADD80E80C6165FF37481337F4F3089DB790A807911641D029033402ED91D7387DB791632B13296D76A5CC758AF656506C9EB594F0FE8D9FBFE5BE28EDE542932F1EEA23BCFF95E452CAE1855DF562BCD4D3262CB63CA9084BED63087C0B5D6B5B416FF730609CB771DB76BA12FAC4957E19CDE2B2F7006DE3C5BA557F632839A7C36DD395962697F699B73E1D17F773B65A037E89C250AC0E2832917FA6415C0009788D3D6B46D8BCC072E431AAB94ED186BB5F842E6E2A06D68BBF133FB4E377174B9326F872DF35724776859216EF32EBDA3B8BBDDCA684077B93EB932635556CFD59469FFFAD5F4DECBE7E9D137EEC5736B208067CE91DFEEF1F0D65A5C66497FFBF2BEFCBE7BD349DE01F9667101CF6A673AE668E602D8CB10EADD757822FECFCC47F79645C2FC3278DED676EF0890A6B2BEEF333A13BB3AEF3D789EB5F27CB862B4E1BC4CDA55D6D6D2EF904626E0C74D9AE30F57CEBB8DF30EAF479925BDAF26E4D0D64F0137BB505548F5D6A13FA6AD65629D4FDED7AA46EA23D8E9AF56C13F535248F9D437976D9A9897EE03247CBEC7E6579BD595FD5B3FC4A7673ECBEFCD3B45D304FD984B2C66F284BB54A790F76C097E9AE9778CD85738E55EAB9072E4FB1B57B01649D3C481BE8E3A2F0AEF6AFE214E1BFDDEBEC1BCD052DE1120EE5C95C5FF25BCEE2E01602F0A60470182B766124EC0B7A082BE72132B9EEA8B6B26C3705F3C92160D3171B7FD6B92EB9E592357DF4C82BFE2626FD47252057B0D64912A407962776130C333CDE599543B269DBA415E44A5F6AD58EA6FAFE5E94C6FF77481337C4F90A89F0CEDF47CF92CFCBD5462E749241A8D2AB53BE9C4E9D3F2C889599C4DA5B9CBE4BDE75ED0F959B390145B7A01AC3AC01952128D28B3D176A96F669A3A186B8D92A854073879F25A051A31AFBC459579076BEB76AD8E3D8CB61D464EC96DED4EDFD6C35E8633E8F9D5AE56410BD97EE9DAAF3583D5B9CC9B2FEC379360A8394BD5AEAD53ECA76E1AE536B9E9B74119D86F074772D69679CAA8F2E2BFBB39B76114409E4AD70ED9AEE845FF3F283B5641A58A385DD136A27CB83A77B5B497C60CAE58B4950A5E0552D288E5730E74B0B6EE60D509781ECA0069B36251A8AD3CAD42111573E2326CBEB67C332970539661EBE444B84D6E3222C0BA1BAB350828793A4F4E0A989F4C0801E4C7955C114020ACC05B55A7BB535DF43D96DBE1A256D822931E0104102847013D765A066AF12E5D8E8D5F5E75E69B4979B57756B5D53795B0D6502CA901E54C04C8AAB1D909010410400001041040000104104000815210F04E0488DCF3BF4F96429929230208208000020820800002082080000208B4498089006DE26367041040000104104000010410400001044A4520B271D39652292BE5440001041040000104104000010410400081AC05226FBDFB5ED63BB3230208208000020820800002082080000208948A80590EB031A9B8A3FC1E2C954A514E04104000010410400001041040000104104814602D00CE0904104000010410400001041040000104CA4280510065D1CC54120104104000010410400001041040A08309CC9DFB50A81ACD997329218050622446000104104000010410400001041040A0280424043067CE9C8045993B77AE8400980810908B640820800002082080000208208000020894B640B81040D3FC2F44663C5D801AEB0345BE30BFA9008792433C3D23F2C188FB33F6BEDC1DD6CA396486AB674861BEB9BA6D55CF49266D2B027B23800002082080000208208040D10834DD37B6703DACF6AEF5D6B73EFCCF8DF3B7B67731B23BFE8E371EBAE7F9861DE1768EA4DE12320A15027863E5B297D4E227BDBD53DDD5F4747113FE0C57EAF64D5D775734FA52347A575DC30F4684ECB4B76FC1CDD14B58BE18F828030208208000020820800002C525205713435E174CEEE407EFF6074F593025DD8D7FBEC2FE29547F5E77BFFF788FF7E7C9ED05AB715B0E2477FA4BB5B52104D0F4D4B206D9FDFF96C762004F2F5FECCD30E1CFB654A1BDF63D6F4A9D520D5B723710207445262C9248C4B72784DB2F513EAB4CC21D92D408208000020820800002082050320235573E17FDDFD93525535EABA05D7FF8F3B35B7F7B76EBB7BB5EFF9557DB38503A70CDBB9F7DC9C7AEBEDAF9F97475E01DDB3361AA4100C9650A310AA069E5AA06F5F9BA3AB578B9990BF0C6FCB1D7EA08805C3697E1EE33EE8BFFD34AA38349F618FBB1F3DFB0F6D263E367CCF8A633F0DE3BDA5F32B4138FA87FC92DAB35A6DDFCB8890365121B9EE0538C60CDE3B7A3354921367160863E13AD01FFCE148954B3185255C4A2B3329CF1B4934607FC120E24098C61523E090D119749422B58A54DDF0AC1644885000208208000020820800002A52260F76B4C7F2AD6ED7226203F3D63C40F1AD44BF5239C29C9B17E90B70B26BF9B99CE5F905E9ED3B3309DBE900316C2BA0DEA5AAB0E6DB206F6AFFEBEEFD08083F3AF711EFFFECEB8ECD7BE5AD1F64901B1D101EE10FDED4FEAE1FAF2EF1FEF79E879193BF0E41673D8FD0D4FBEE18CE23769D49627DD9105BEBB5BE9DD433CBC2DBE0281B0020E0190BC8287009EBE5DBAE5759FBE71D407D5E285D6A93364F67377C9257355FBF5CD32847ED195F17F9EA74F85113F50F356EB01F6AB3EDF503FC13D4B166F18A67789AE9E572BE799395DE4449C50DFF0F955FAF19736CFFBA05B51EB82B6FE5955E726D64FFA652267E4847A659547D28F5EB552CA99BA187E96D6E5F4BA4FEB8BF0BE3BAEFEA68427EA5699F248A20F6ED8147471845415518B57A9075E8A6EBE6BD58DE74D58242676B96A66FFAFA9B805250F7E7EEEEC21F2BFA47C121A222E136F2D4475F1C4D86BD50F30D0E945220410400001041040000104102825011902B0F9EB763F63F562B7C7E48C3E3E6F917EF683F3369BF1C81211583555FF2E9D9489CBECFE9AAEEEB2CB9F9C220F3EF7BF0F48CFC2BE30ACF4A562D381CAD77670FE77DF6918DE77D2607D80093759E3027E7BF6DFEB94333440FAFF2FBF3CCD7EFC51B533365E4066137C533DFADB51B3AD7DB3DDB63FF9F0FBA799A101971CF7DAC39BECCEBE52AFFDF6FDD3E4C14BCF3E7BA87AF5356BCAC08EF75E7B75DBF326C596F75FED77DCD0FE6AD8A7ED3105979CAD9EF7D97D487F2587D8D6EF9FCD2106F50B5FD03CAC05B0FA49DD359E725ECDA489B5EAA5652BCD25FD749B356AE0835327E95EAB9AF069E92FBB67891A7D9A350265C8A4A9D2D5DFB44977D4F52C83DA79753EA7CE6A7BC8C0443DE4C04A6CB6E44C4C21E75E6986B74C58A407BAA42B86B7F88BAFB5AEED5FBB58160558749E3CE3BBE3EAE5FF275DF1295629274CF9BC522F8D1EA91307DA5255A46EA61E905373DE8414C37256CF90E088BC209DD901A9F2F12B84B71635B36766688540D5201102082080000208208000020814A780B992EFFCE86BFB495BCDB0DA861FDC9E6654BDEE558D1C69FA2635A78D8ECD047F69F45CBB4BA27B85F622717AC138E927E687E3D0F55F916BFB2F3FF889D35BEF3E39A1B754F3B1BE765063EDDBD7BFD2F773E3EC224CB869A8D3A9DC79D557765DF673F7CF80653CF0FCC3F6457BFBC2BEF4E455F77EFDADDDFB77EFA7DE7BCD8E011CE877F6C861D6C3C34E3B5EED3C2017F3B73CBF4DF5EB6E8503F6373CFF5EBFD38E37FB99ADFFD0E33CDDFBD8EE3A58A08E3FCDE495D596FBB500625D5F7D12A886654F659C2DDFD42883F9DD53D09A3290666BDA2267E7E89156BCC0BB497777E2FFD55A4309BC43037C736ADAB4492ECB8F8A3F358216432F07680D6AD8F09AA99AEF8E353208C2790DF81E2E6515C354C49B894C0790D847DD2A67DE4EC87CAC5A382FE0AC4E26764200010410400001041040008112113057F29D1FF7CABFB7F47A5180BBD4441D2670266B2755AE7698D3A91A32CA19A41CD7D5AA397F6AADB5489CBE946B5F22CD0391BD16C0FDEAB5D8607E7799C0AFBC130B700CEF9A743955C207AF2D5687AE7F20ECB0FAD85A009F76FBE4FDBA395DF7EE7D639D78CFEFC38E1BBAF3FD57776C7FEDD5E3CFBE74D0D057B7356C79EFB59DC79F5DDB43B3F80FF2F766A554EC10D940E67C2D00B3DADCFF4D34D7C9E5D7066B8C7DDACDEA2DC79F82D6D5F534DB864D89830B4C37DB0C25B07AB3E9B69A912325E8D0185FB030C5386FD1AACFCBD206975B53EE7D77AC997D878CC997E1F4F282B16604045D512354456295B4E61DA8BABB163981ACB0F958B5F00C9DC8E674621F041040000104104000010410E84802E72DD283FCBFAE3C93B5E3AA175B1FFD8D469F810492560FE89651DEF99F05A0CB5573F9693F1C7EE8E56D4A49FF5F5FD8B7C6FCFFFCC45874E2954349DD532B7C20699E783B077707DC79D009241CD8E51F52A83E6DA80C1FF8FBAB438F1BA6AACF9601FFBFDDB653FF6EF5FF63F308520FF28F1D229B332DD76B01E8A1209ECEBC0E2699B900DE98903E0F3C212265A60CD4DFEEAC0B98FE4E7BD64C8186FAC57E03524CAFFE8D4D1BE4DFC41E7E1C8F996E30E73EABF9F52A17B2FA40C8627C5B66F837D4DF208B1DF8EF283367F484056B8183E84B6ECF5C1FD01E3E60DD3AD17F0B5C11B3BB2C4630F1FFF4520B89A193E47C121A227678EFC48DA6F90B753BDE98A7513AD99CA9EC83000208208000020820800002ED23608DEFB637FDBBD3D5D2BD2AE722A2EE09FA5FE4B7E6025CAB2F8BE66B16804765EBCE075FE97AFA20A5B61D6A505D479A89FDFA776B8DC071FDEAD4AE5FAFB5D3AFFEBEE7DE01834FFEABDC4DE0BB6F65BA7E9DB605E40ABF3AB0D32CF1977AC4BE9E0BA0BA9F7DB6BE838019F03FF434EB6E02BA6FEFCC23D0BF3B59798FA90FE1CE2FC8FDE9206304DC4C832C07F8C6FC39D2119D38C91D5AA1477D98B9004366CFD597CDF51D01740F3FFE4F19612217D5CD1C7B594FE2017B8A7E8A0A49204AC6E19B8106FA02BB49E6B9EA3EA171AA5EC12279A48027432B13539EC884655357EB2E7AB862C80A02520C6BDD41DF1D65E68C0E554C88BF49813D7CC01C576204CE666E31A867DA84AC88CEC09AC6EFDC70C16291813A29F24968080F89550B53E050C316727FDE9123020820800002082080000208B4BB80B3B2985907CDB9A879DE8DD6DAE1D26B98B15A5607945500AD0505266E8A2D499650F29A2BE7EA79D4FE0182316366E7A2A2662D80E72BBEF2CEE86F5B4BFA8D1BFAE805BB2E9247E4E799AE3234C01AE7DFEFDEDF9EA6BE69DF11E022D52F6E8139D9E5B4773E90709B807085ABFEB45E05D05A20E0B707CEBEC49EFF9F988774E3ADC5FFF4D67FC8D9439DB9FDC346FEF3D0F77E2BFBCACF6BDDCEEE77E0F9E7AD8503E33639C4A09DBFB5D2647547803415F2F6FF255944060C28D598B4C328BF07C33975D0D46FCC9FFFC6ECD9E642BADC8020B67C6007AD2FD542000104104000010410400081C20B485F4396DF7756042FFCF1031C51962D1BD138D32CA6EEDD4CFF7FFDFAF901F220499B04E6CE7D68CE9C3941FAFFD2F19F3B77EE9C3997061905D0A63275B09D9BE6DF505F7FAD7D77C3A6D7F4D4043604104000010410400001041040A0EC04E4B6F12A7996718EAEFF979D669E2AECAE11E0E6CF2880D0D43AD6E5CC539085FA92835EA173640704104000010410400001041040A08404ACFB94D5AD8A5F1C4D296FFFBF8DA30064A87F6E3D6405C1DC66580CB9C9288050C59051008400428991180104104000010410400001041040C04720E1FA7F1B430010E7498010409E60C91601041040000104104000010410400081E212602D80E26A0F4A83000208208000020820800002082080409E040801E409966C11400001041040000104104000010410282E013311800D01041040000104104000010410400001043AB840A4B9B9D9B78AD5D59D3B78D5A91E02082080000208208000020820800002E524A04300D5D5DB13AABC7D7B352180723A0DA82B020820800002082080000208208040C71788AD0530EC8ADF74FCEA524304104000010410400001041040000104CA55206E3940A200E57A1A506F0410400001041040000104104000818E2F90784700A2001DBFCDA921020820800002082080000208208040590AF8DC14902840599E09541A0104104000010410400001041040A0830BF884003A788DA91E020820800002082080000208208000026529E01302D872FF67CB92824A23800002082080000208208000020820D09105124300F4FF3B726B53370410400001041040000104104000813216880B01D0FF2FE33381AA238000020820800002082080000208747081580880FE7F076F6AAA87000208208000020820800002082050DE0291E6E6665F81EAEACE41645AF7360649461A04104000010410400001041040000104106847818A5EA37408A0BA7ABB5F21060629192180204AA441000104104000010410400001041040A07D052404C04D01DBB709383A02082080000208208000020820800002051220045020680E8300020820800002082080000208208040FB0A1002685F7F8E8E000208208000020820800002082080408104080114089AC320800002082080000208208000020820D0BE028400DAD79FA32380000208208000020820800002082050200142000582E63008208000020820800002082080000208B4AF40FE4200CF5ED57BFA822DB1DAAD99F9D1CADEDF5BE33CD0B4707A656F7944FF7C64E136EB61D9C57EC47D4AFFF289654D5B967D24FE297B97B8C76399B7AF294747000104104000010410400001041040A00805F2170290CA6EBA7EFAB226BF4A4BFF7FE4CDEA87EBFFD4B2E74F2DEBBFA66EFE62E5CC67953AF75EF953FFCC9B2E7B8DF9DA26F3E71FA6D65899D4DEF62BEB59FDF397998394F4FFC7FC44D90FCE9B3EE6D4E145084C9110400001041040000104104000010410280E81BC8600945AFF9391BA6F9FB03DFB839B37D5DE3677D630EBF161537F79DB48B5F45EEF908140385B5E6F50EAAC1183ACC4E7DEEB440A02ED4B2204104000010410400001041040000104CA4C20CF21806993A62FADBFEAF178D4C79F5A12EBBAEBA76A46C865FE4D8D9E5903815A61D8A9B54A2DB984F1FF81B44884000208208000020820800002082050E602790E01A8F3EF7D7852422FBD69B34C0E1839CA0C01309BD599DFB8D9AC0890726B90F9027A45006789816153BF354D12AFBC481EF4196B50E62D4BF5114000010410400001041040000104108813C8770840A9CFFCE7A3D3565E948B2EBAB316C0127B068152E317EAA504247CA096D67BD71AA4911140000104104000010410400001041040204120FF2100E9A8CFFA5AEDD2FA8B96DA87F619F61F37AB3F641B0D9BFA973D7F7AD41A0EF02DFBCE022173203902082080000208208000020820800002652050881080BDE09FAB9934EC7FCD232B959A34E533D97BEB2843F67BB327020820800002082080000208208000021D5FA020210059F06FE6DC1F8E7134AD39FC0D37CFB16F01F0F8F7648040ED6D5F1A1F5AFBD9AB3EE1DC74508F231879D978737700360410400001041040000104104000010410481428500840A941B396C42ED4CB1CFE47A76DBA7E8CACEDF7D1CA4B564E7FF84F7F9999B9F7EE2C07A8F7FA888CF9DFF2FA46B9E9A05E20503269FAE1FAD81A01B43302082080000208208000020820800002082408449A9B9BABABB7FBB90C0C82D5BAB7314832D22080000208208000020820800002082080403B0A54F41A55B05100ED584D0E8D00020820800002082080000208208000028A100027010208208000020820800002082080000265214008A02C9A994A22800002082080000208208000020820400880730001041040000104104000010410400081B21020045016CD4C25114000010410400001041040000104102004C039800002082080000208208000020820804059081002288B66A69208208000020820800002082080000208449A9B9BABABB7FB410C0CA2D3BAB7317DB21FAFEAF1F2EF7F2A69EEB9E71E37E5D5575F2DBF9FFEC9AFFEFBC4FD418E421A0410400001041040000104104000010410688B4045AF51F90D015C7BFD2FA4E77FCEDD51DF52AEBB2622B180BB7EF8E5B6D4817D114000010410400001041040000104104020A3401E430072F17FD6D4D16EE77FDD35BE857948A95795BA69C1B20D0C07C8D85A2440000104104000010410400001041040206B010901E4652D006FFF5F3AFF6EFF3F1A55F2A3D4EDD68F6C972A3554A9EF4BB04076C9BA1AEC8800020820800002082080000208208000021905F23211A0B2F747CDF57FEFC57FABF36F6F91880901DC68FD6B8F0568D9F3A78CC52501020820800002082080000208208000020864219097510032FF3FB9FF9FA270D2F997CD1E0B203B665107764100010410400001041040000104104000812002399E08E08EE74F9EFC1F89D8E571860024164F160EF49F0EB0E5D48FF43EB7D2F3F391853D83D42D5769D6CC94A38F5C93A3EC42E636E02AA9F8CC0149074FF5788E4A993A9BA68563ACB618B3604BDE8F95F30358856F53C943365F8A1A3C3E32763EFB34AEECD573C127CEF53BCF13DB3D37E50908ED7D25DAC5B6CAF389539B02E6609259F914F8551CAA80244600010410400001041040A0A30AE4380420F7FF5B77CEDDA9B0240A90A2FF6F0F0430B70FF4DD6A6F7BA165CFB3E6E72F33F7A5690FDD290ADB2789CFAEED3974D4D3453D3E72E4CD5DA73F2CADB07ED6B0FCD6B2E3B6C280AB2EE9E79CCF5BA62F1D96DC195E33F3CCEBD7E7973774EE12B6187392B25F862FFCF08581A518030A5D6B764000010410400001041040A06309E43804B079F366F149B1FEBF9133F3FF65938500A5E71FB799DDDBB60D58BEB46D19A8C41CC62F941EEFA6F16DCCD5D93DB7B9E5A85041B359F3483FA5764EF94CD0F46D48D7F6766CC3C153EF9A8BE66BBE3716C63A306A8C6A78E878EF557419AA70515BCFE19CD75D872DD498B77F6947DFF6CDFA43DE634039AF0319228000020820800002082080408E43004F3DF594AFA9B91780F363A20089FD7F7928D5EE7E79EA11C857CD7407549BD1DD327C7AD812F9FFFA9346BAE3E73DA3979DCBAD6634F5A932D65A8FC78E1B899D988335D0DA9908A0B31AB360A17D50C9CD1915EF19D5EC73B858F1E37253BE55F0ABEBD261CEB8F1F841EC7E8F9B435CF5B8954FC602674CE0298EE46C754DFB5D1497BF3D47C33EA255A938DB00877058DCF9057EED185F92249034987A50BD492F4318529D4BEE69E0992C10DBD1CC0409D87CEE59610EEAC8F81D79CBF10FCAD5FE330FD4B84F9A7116B7BD5D9BC59B93E7DC8B6F0E7B2289A76AC92F81C4CAC61DFFF1FEF2B29AFE8DD763E5F42D9E4F01CCABD299C893343CC7903229208BD666170410400001041040000104B210C87108205509DC85003C09E4A6006639C0405BC3CD67264F415FF2C2A14D7A6AC00B3F1CD3F5FA31D249938B935BA64B7E63DED68F2F6CD67D6077F4F2C33B2593587F6C693FB5E4D996F55B1E9DD5EC2941620EE3174AE6DE1276BDFE217DD04DB71D92DCBEA49A646282F57B8D8E41A4399C9547526E2AA90A7E1AA63AB16A3A69523D1E9747DA02EB941913D8D9C905F047A7C9EF3B1FDDF3ECBD3210C0535911587289A7AF9B689BE110D6A575FDF3E8B414ED18AF9294DE7EDA0F53FA9F32A85E97D9B454A0B3CD4AD4B4B0E6FAF5877EB8DE2AD86D8786076CBED85C09C37568E3E6E4A51CEC52AC5970528374AD2F76CE4021B5E608DC9B7ECC492CF4638232D696A63952D5D9D34CC995F5EED4B4B99B546454FAA91FFE059058C399D72B73023FFBE899FD1EF52C2161C63BC8BC92F4537B8237192911400001041040000104104020BD408142006D6F0667EE74FCF063FBF2E9BE8B2E95AE5DB74D490BD435ADE9D7A00E5D36DE5A3BE0333B243AB0E411A73F36ED1F7A36FBB0E6F121E7B4D75EFA9E5C0BAD197150B23C6B84CED9FABD6BE31695EE70A908325541EF972A8DDFE3A67BACBBE8CE96A6C02649C604BE65F756B666E63FD2DB663884B33C9ED5A1F569C7C402A44A9F0C625D66AFBDEDCD2CE6719866B5424B6AFCCC1417C0938EE89D2B31FEE29D92C35923BC31264F551E1FA9EB3BE6EDAF9BC6B2BAD00DD3B664EE0F4FDBE2AE8B614519F496AE39529D7B9E9740A0CAA67D19FB17207EF8C0F8859ED7EF433532DE41C73B0A31AFA4EDEF40E480000208208000020820804047102899104076D8AF6C9281DFD28B33E390AD3902F9DC0A7CB87C562573DE56650F8E0C1940F1C957FAF3CEF27881AED2874ABFA5AB5C6637919AD0DB673659E5D1131F822F30397CA4DE65B9351123EDC5736B76BD3AF4C3257670C1EA422B65AEF04B2C40291966127C847C5B9B236D65DD20571A43DF02A4116858AF276524AC8310BA8DD801010410400001041040000104C208E4380470FEF9E787397A62DA36EE9E7C68AB3F668FE5B62F9CCAEC80BC6D053E5CDEEA112863ABB201AED867CACCF412CD480DAB1B99610B9B5EB2DBB839CBBB48D6CC5C6F4F1F587FD29782DD8AB2666693CC1C91691166E981E90FFB2F9BB766A60E48D5DED6E4DE58C11CCBFE59AFD702902BE4994704385A6D6F8E74954D1841E3D744BE0548173B90B10C0FEF94653B02C2663A2F781E010410400001041040000104320BE438043062C488CCC7F44FF1AA3CDC86DDDD4CF512EBEE56337E67AD8C0258600DFE9781D6816E16189743A8EA6475B85047C89C386E39C0CCC9B34F612AFBE01ADDBB6E5A387089845AE256550895B39E4621EBC66D7A41FE35BFA76F85E4F4290E67F55D1B6E3E4506F367D85EE86E2DCBDFF3D187DC30C480ABACA522AD9A06DE1E3F45EEE7E7DEC3D27F94BB9902A0767E2BEDED2D031F52274CD71C3E554BCE3B7D659BBF2E0322960E7396D2D02BFC252C73E85F00133BF8EEA9C6D6BB57EDC803EA339B642283BD8E46A8DA9218010410400001041040000104B212C87108E0F44F7E75DD3591F02531EB02DE24BBA7DAD7590E30E3FAE1FB667D435F5AD47704900EFFB0D7FF22571AEDC1D5FD2E73065DA72D617C0EA12A93CDE1421DA098125B9535ED92E67277C6127B2E9B9FD978A9BEFA6D5DB44FD90A29D2A73A8EDC814F5688B406F3A7BC2340F3BDD6E5687DCEC8DA75B244BFD9B674DFE80ECB8FDD0F2F5385861D922A784ED7F89B38E8BDCD1400D9EC5255CA6D269296B1C87498A4E7FD9B2345D59273CF5459192360167DB4E6D4E81516470D93666A9E228B11AC3FE90732F1215501C4DFB17DF0D2C499FFE367498B77BD7EBA8911B0218000020820800002082080407E0522CDCDCDD5D5DBFD0E3230C8915BF7362624BBF6FA5FDC73CF50A5CC9DFF629BDC11D0DD2211B91D806C924C6E0D28FD7F3D04E0EAAB5FBDEB875F0E7250D22050C4023D172CEC3E6BA6996F22EBE10F5B2223DEF339FDA48829281A02082080000208208000020814914045AF51391E052095B3BAF13729653AF9F6E6EDFFCB43D1A8091048CFDFEEFFCB2EF4FF8BE8D4A028D90AE8BBEBDDEC0C98974BEBD9E6C37E0820800002082080000208208040CE05723F0A408AF8E3553D664D1DADD4F7E3C702C40505E26B72D382651BFE7DE2FE9C578F0C1128BC80DCEE5E6646D8C7650840E11B8023228000020820800002082080809F808C02C84B08203E0A20A3FD659301FFB2F94601E8FF737A22800002082080000208208000020820905F81BC4C043045964BFA2D7BFE24D3FB95FA8235E05F3AFFC9FDFF9B248124E3FA7F7EDB99DC11400001041040000104104000010410502A5FA3005C5B9914F0F2EF7F2A7FDE73CF3DEE83575F7DB5FC2EEBFFD3F9E72444000104104000010410400001041040A00002799C085080D273080410400001041040000104104000010410082890C78900014B40320410400001041040000104104000010410288C40EE6F0A589872731404104000010410400001041040000104100825400820141789114000010410400001041040000104102855014200A5DA72941B010410400001041040000104104000815002840042719118010410400001041040000104104000815215E0A680A5DA72941B01041040000104104000010410400081E00279BF29E0B5D7FFE29E7BEE39E7EEA86F99D65D13B9FAEAABEFFAE1978397989408208000020820800002082080000208209085401E43003F5ED563D6D4D16EE77FDD35BEC57B48A95795BA69C1B20DFF3E717F1615601704104000010410400001041040000104100822202180BCAC05E0EDFF4BE7DFEDFF47A34A7E94BADDFA91ED52A5862AF57D0916C82E414A4C1A0410400001041040000104104000010410C84E202F6B0154F6FEA8B9FEEFBDF86F75FEED2D123121801BAD7FEDB1002D7BFE945D1DD80B0104104000010410400001041040000104D20BE4651480CCFF4FEEFFA7288774FE65B3C702C88E34180208208000020820800002082080000208E44920C71301DCF1FCC993FF2311BB0ACE1080C41AC9C281A9A7030CB8AAF798055BDC5DBC7FCAEFE756BA3F9F38B52934559ACCD59A9992F9C83581F30C9BDE2FE3B6D7284D71ADCC670E085C21122280000208208000020820800002087410811C87005EFEFD4FD79D73772A1B8902A4E8FFDB03016477FF7DB774DFA8BA3EB8A6A7FDECE3FD97A8AE8DB1888052D3B6B4EC79B665CF96E9EB4F1A19A6C7AE33CC9879BBB4755B6AD42E05E6A0082080000208208000020820800002C52D90E310C0E6CD9BA5BE29D6FF371266FEBF6CB210A0F4FCE336B3BBCFB6A56B83520D9BBA9BA79A3677937F376E762202B11D9AEF7D78A752FD963F1E463D6DE6E3174A6461D3F8C0F9854D9F29E3AC6A9429539E4700010410400001041040000104102843811C87009E7AEA295F44732F00E7C7440112FBFFF250AADD4D9F5F2DED6F0DC8EFF9E8435DE57F6E4420F9887ED181948D9B26736B54BF3B11A0E7824FB8330ECCD480C447E2D3EB21F757CD1CE94C52884D64685A3826367341D204085858358A1BC36F6562F24C79A0B8127AA7482C1D965CAA323CFBA93202082080000208208000020820505602390E01A4B2731702F024909B0298E500336FAF6CEAAAC61CAA3597F7B71CFFE0FA43D3A71D7222023EBB9F35625FE64C9D1469321FBFF0851F8EB1D3352DACB97EFDA11FAE974101CF3E7ADBA1E1321821E9116F7AB3DB92170E6DD23314249FAED78FB102078F8F1C7973D7E90F5BF94C93BF0F6DDC9C79667EC61AF91C488706CEBC5EBD6D15E0D947CFECF7A83B75628C79D053AAE05EA4440001041040000104104000010410284D81028500DA86D373D30B4A9DF98F6F4DB306FFCBB8FD313BBF7EF141A5BA6DF22E07A08F31E0AA4BFAA9316F7FFD33C10F1834F39A117244BB1B3F7EE6EB354A253FE273D4330F484AA5F65D74E92153E0358FF4536AE714AB84E32F96690B5DCF1AD19CBAB8816B947420A5574C50D3BFA18BAA8FB570FDAC61CE71921307072325020820800002082080000208208040690A944408A07BE37A553BF28074981B1E3A7EC123FD6A2F7DAF66980C0AF0AC08688F6C1FB644AE6FFFC1EEF4C65AE47177347EF2DAFE013237197D66D3A6DBA41BDFEF22991A6006D5273F12E024183E526762562BB0E6201C1AE5F6CCBDBBA7AF518003A5CB3CC0EE24410001041040000104104000010410E86002390E019C7FFEF96D01F2DF5DAFD86F3AE13B64C1FFEB971EBA6CFC3E35ECC059DE1501EDF5F39F6D49EEFF5B7D75EB7E017E0BFB05C9DCA952CDCCF592890E04AC3FE94B0BF56284C98F64AC7ECDCC26995CB0E412BDAC803523C07371DEBB73FA1A653C8C334821EEBE0901F622090208208000020820800002082080404715C8710860C48811D94ABD2A3BFAEF6EADD86F4D866F9E2293E7C7ECBC485F363F306A4CBA150183162344E603AE9AA927EDD78CDF596BE79EFC4880C33E7ECAF532A8E1B6174C54E2DE107316ACCC5FE8AE0720386B22A63B9E444C643182EF5A0316AC950B83AC3B18A002244100010410400001041040000104102849811C87004EFFE457D75D13092F61D605BC49764FDED73BA05DE602E859003AD1BE9167BAF708087F40678F1099CB780133387FCC490D63DEFEE5CC7D2AF9912005D1531854C3CD67865F93DFBA41E0FA9346EA9B149C2971844C5BF3BD7BB6C8B80993FEC14B5F081D6EC874009E4700010410400001041040000104102821814873737375F576BF120F0C528DD6BD8D09C9AEBDFE17F7DC33542973E7BFD826770474B748446E07209B24935B034AFF5F0F01B8FAEA57EFFAE197831CB4C4D3F45CB0B0FBAC9966094059B47FD81219F3BF30CD8A80255E5D8A8F000208208000020820800002082050040215BD46E578148054CAEAC6DFA494E9E4DB9BB7FF2F0F45A32640203D7FBBFF2FBB9447FFDFBA95E0CDC3EC31F9EE4A0445703650040410400001041040000104104000818E2D90FB5100E2F5E3553D664D1DADD4F7E3C702C40505E2596F5AB06CC3BF4FDCDFB1ADDDDA352D1C230B01DA7F3204A04C5A9D6A2280000208208000020820800002ED2A20A300F21202888F02C8687FD964C0BF6CBE5180F2EAFFB76B8B73700410400001041040000104104000813215C8CB4400632997F45BF6FC49A6F72BF5056BC0BF74FE93FBFF37490249563ED7FFCBF444A3DA082080000208208000020820800002452090AF51006ED56452C0CBBFFFA9FC79CF3DF7B80F5E7DF5D5F2BBACFF4FE7BF08CE018A800002082080000208208000020820D0F105F23811A0E3E35143041040000104104000010410400001044A47208F13014A07819222800002082080000208208000020820501602B9BF296059B05149041040000104104000010410400001044A4D801040A9B518E545000104104000010410400001041040202B01420059B1B11302082080000208208000020820800002A5264008A0D45A8CF2228000020820800002082080000208209095002180ACD8D8090104104000010410400001041040008152132004506A2D467911400001041040000104104000010410C84A801040566CEC8400020820800002082080000208208040A909100228B516A3BC0820800002082080000208208000020864254008202B367642000104104000010410400001041040A0D4040801945A8B515E04104000010410400001041040000104B212200490151B3B21800002082080000208208000020820506A0284004AADC5282F0208208000020820800002082080000259091002C88A8D9D104000010410400001041040000104102835014200A5D662941701041040000104104000010410400081AC04080164C5C64E08208000020820800002082080000208949A002180526B31CA8B0002082080000208208000020820804056028400B2626327041040000104104000010410400001044A4D801040A9B518E545000104104000010410400001041040202B01420059B1B11302082080000208208000020820800002A5264008A0D45A8CF2228000020820800002082080000208209095002180ACD8D8090104104000010410400001041040008152132004506A2D467911400001041040000104104000010410C84A801040566CEC8400020820800002082080000208208040A909449A9B9BABABB7FB157B6090BAB4EE6D0C928C346FBC7568CB3FAA76EDDA0D0502081458A06FDF3EC3061E1B7272D7021F97C3218000020820800002082050540215BD46110228508BFC63F7F02EDD3A0F38AE4F818EC7611040C011687E7FF79EBD07861EF73A24082080000208208000020894B3808400980850B81380FE7FE1AC3912021E015E7A9C0E0820800002082080000208180142009C090820800002082080000208208000020894850013010AD4CC321160D029D5053A18874100817881575E7F9B89009C140894BA4065EF8F9656155AF6FCC95BE0922B7F827642754AAB2D282D020820808011602D80C29D0984000A67CD911048122004C04981400710902E74B4E1EE52A948A4F69AE4104009953FC139B93AA5D210941301041040C02B4008A070E7032180C25973240408013802A57ED531F95CFECD1F1A029EE0375DF78D754FCF0998B86893D182DEA62104D08E272A218076C4E7D0082080400E050801E410334356C51502689A3F76C4B2A99B9F9B5D5338018E84403B0A94ED2800DD658A46DB513EB7878E4422C7569C1030CFDA391FEA1821005AD06D714200014FFE7C242304900F55F2440001040A2FC01D010A6FEE1C513AE1F265D6D966AC4E2E894E31767E93FBC4EA1991B8BFDBAFEC1C190104104000010410400001041040A01405B823403BB65AEDBCCD7275271ADD3C6FC3C4485214A066F603F354FDE57610A069FE9CC5B5F31EE0B27D3BB61787460081A21090CBFBBE3F4551380A114080160C804412041040000104F2254008205FB221F2AD99FDDCAABAC5135304016ED7230456DF5EAF9C00801E0E606F6694807EC0D9B969FE0C77E4803CAE1324A58F2F5A86A743D483A408B4978067484DECD70C85D9B2EC23BD3F2AE38ACDCF47166ECB69E19FBDCA93B97588E90BB6E4F408DECC1EBFEB854F3C72306FD91761C6D75D3428E127CF854C6E50EBCCF9C4B2D848AD3C97A083659FB316DCFAE4D8DA6B648CBAF999B1D6E3A49FBA6DFE56EB91B54BDD3491694FEA568BDB71A93D14CFBB4BB2F8DAA563EF6F761E6E9E3FED1ACF9F6AF5ADD7D839876AAAF8F2C7724878BCD63A56D283915B5F4C7CD0D42EB1821AC72EAD3F850315DB37FE91509522310208208040710B944E08E0F1EFE5FA3B7A31B54CCDA85AB56153D277C99AD973EB16CF993F7FC6C4C575739D11001316596307F4E801553F42FAFE13A6D4A9C5CBAD2F304D2B972DAEB78206121958BEB876EAA41A9594DE5BF1D53AEB556E76CEA08362B2A12C086414489E2C1D70FA74ED6DBF9225BB5BD67F4DDDFCC5CA99CFA639D09A99E1FB7BD3E6E9CCED9F25B38665AC4736090E2EFCCF171E51BDCFFC4773EFFF7C277F51866C8A96C77D2EB9718EF9B9F3D16DE6470EE6BDB69CEB639F7BAFDD8EF3A64BD663BEB6C9FCF987A92CA8921D754E5B70C8BCE577CB4AFBD1E5976EB82E3E0AE07668AF7BD34E23C9967EDA693567C73BD5C45A270A90B23ECDF3EF5EDBB0E037CEBCBD01B3BF73A95AB0C80E316C7D72CE8A21F3BEE3E61C4AC52946C3DD9B2FFCEB08B70FAF628F4BED9EBB62809569DC83D15BCE487830430E1244F0A708556012238000020894B640A98400B62DF8EECA869B7FB9A6B4B55397BE66E468FF27272C5A35BABE5E7AE98B262425A89934B5D67A50C700AC00821E2C505B6B8503AC99033A0210DBDCF4B187244CA0EAA698AC75191A1AB9A4D551CFB18E5E2F6F9F3F60FF3F46326CEA2F6F1BA996DE9BFA42FDB3CB9716A960B799DF3BF362B567A9EABDE77B27A68B32781620F1AE32E2546BF50CBF47ED67DD7D9D349ED143F6B80B9F154D521D312937A70CDE514C667C536C4B2ADDC3B7CF951FD93567D7938BB485DD62D182995A68F0A79FBB73DCE2EB923AF3DBDE6A50A78C1C9C7AF77167D7A9B5CBBD230892D36EDDB84C8DAB1BE54936F8D30FCC52F5F7BD286957DFF7909A3563769A43642ABB79BEE6E31FAE6D7CAB2D9FC31972C84811AC9CA442000104102869811209016CF9E3836AD2F4312B973FEE68C70DE27546D8FA3EA86400A724B086719A419BB164F68E4D0BA77BC6736E5BF0898F5E650EF4F8F792C60927E5E6697F9D4F76C37D9B366D48751EE90102B5A3BC5D79F77BE0887AFBEE5812036858B6B2493AF475739FB3060EAC5EB9ACC11938909C3EEE588B27DADFB2272E2EE97399C297BD80E9F987EEFF9B6FDEE32FA8559B1E5CA32F26EB0BFEF6307EF31621EF09F54BE4FFEB7F32521E3783053CEF36610628596F443397C99B8C3E445256F63B8FCE7CFA8285F6FB8FE46FBDB7A498B0B0E591CDDF1D387CFDC0EDE9E702488070B419F01395B8A21E3FE4DDF478A09427D0EA1923CCBE7AE491192AE40E2ED2D9D5C905F87937264529531CD127377D64DDE11F519FF046E82C982247F1BB81895C49963DBF7CEBBD093F857E29784E06BB05F351025A3088EAA0936BD59B9BCCE07F77B37AF8136357D783649498463AF9A3AF99B6E89A718BEF7646DACBFBC61517D7AD7864FEFD4B27AE1837D7BE4A9F4DE6EE3E729486C9672747FC83679A21875C50042F0C2911400001048A53A03442006B16FCE4AC6FFCE7BDDF98B4E4BBDE8997237FB8DE1A8AB9FE8207C77CCF1920E0FBA07A70FA5353EC419BCF5E35E689CBE277AC9979D5F4F53FF981DDEDFFE5F5EB274DF98CB4D7B3575DB272FAC3E610324E788E7B85D0935B6E9A55C6EF37245CB24F95B17D3F3F7BE8BE1905608D0368A81F2163FAE58AFE841BE56BFAC4FA067375DF3FBD2777CF776CC9D467B0416EAA482E08144220BBFE7F42C9C62FB447EF3F3A6DD3F5FABD65D0AC3F78867F2F3C57F7FFC7FC449949040F4F6AB8F98BFE1DBFA5F576282161C6F8D227D412795799F7E8ACB8AC36DD3672C9254EFC516DBAFEA15365B4B93C28F97F49CD956359BFC7DE88EC620FBB78C41F2EEE66FE4D632C9D76E7E5ADE38ADE4DDE25E66C887FC8FBB49E53647AF87A24918E36C6EF3C47C612B913953C4FF91FD13737E9FF2F9FB2795EEA32F857CC8C0290ED17B75CE5FE14E23CF31EC37332C4B760AE0B420B06111D7CA2DF90BA331635DCBDAAE6A111098B05B819AE7D7EB11A37655C9A03BCB87C859540BAD08D7F5D190B319CB1E8CE53EA17ACADBB735A1BFAED6FD44FB1D73298A8BEE68CED97C2C41EF7AC7190E1C14C39A4A28865AB174D98F2907D812188396910400001044A4DA02442003204D7EA937FE6FCE9EB9F783479B2EBB053CF529E0102A60DE21EDC241184F1E6F1C79F5A2243DECD70D9589A73A74C534B1ED117F7D63CB2B2F6B62FE9C43AA5890598949B1AED437B728B6FEF9A994B5AF6849FF1AB2F8AB997EC339D414D8D0D6AF448332840FF6EAF20A0E7023817E2CC807F7B7CBF6F7A77CCBF152EB0D70E90CB70AB7D6E4E98A9403C8F4087137086FF5CA407FF376D4A7ACF695AF344831A79D9F841BAE6F2BEA4EC778F4408772D808419E3D3AED2EB020C3B77FC30E5CD4AC7223D59D55EFA3179A1D78CD0AFF6B346E86359BFBB6F4459B3EB90A333FF475770FEE58D731F989A323BEF18A5E4294B7269BAC16F08405C769E23FAE7E6E9DDC6ED28914D3348C97F92821905209B3B0A206B94AC774CD38259E79969475A30B5D0D677520DA99B708B5E2F60CAEFA4B3EDCE1470FABD7A7A7CBA3E7CD3FD8F2CB62FCE9F71A333F8DF2E841E77306494F56690ED66A6F77F4D7F8A0F3513FECD169BF6BF28169E48F360C01C941F45FC1203CB2F0D1B8FCBB6EEEC8700020820D00E02251002685A78EF9269E75B1DF873BF7E9BBA7E41F2925DA78C1A936CE77D70E428EF14D931A70EB793C7D28C9FF5B5DAA54FAD513ADCF0AD99EE87F9CA8BECF1C0D630607B8BCF2DFB5673BEDD4EDC2077070C7AF95D160790BB07986FC5CB47CDAB6DB07BF0120370C711E855049D6FF8FEE9A5EB5F2BB9CC58ADEF46A0DC990073925724CCBE7AEC894029096C795DAE7AE99EB6F4FF2F9138A0BEC22F17757DABF0CAA64DD215BF7E8C992FE07D73085D632B2B2728197AEF6C76901EBFDC5FC41DB62F7F2E9B9A3C883F216727EC9874406B3911BF21009E940947546E103363F163374E354B9F266EEE2800F3840C04905840C65C739B80164CE759F0166C7AE6AF0DA33E3C29F59CFC09B7DC3A2F369FDFEDF7DE9C761A7FF3CAC7DE502B7E62EE29306281FCFE7C1EE2E5672C5AEE595F309BD3345C0EF114D91C8F7D10400001044A54A0F84300DB1E7D689372C6D38EBC597E978E7AC2F666E3FA647FDF07AD64EB5F7FC54EEE4933EC6397C95A03339F72C20D560A77D9676BF1E77BCD88809C6CD2F5B6D7F54F31C9D53D8A4E19370B36360977D16C9D8B1D3C98B0C8936AC2A25848C137BD39BE95C833A9D76FB66D4EAA4B260814B9800CFF514A47F79A36CB3077FB0ABFD5BBF3D9868F94D08033E7C8AC0C2FB303B2DAACAC7C061A649559809D4C77FC01E7FE22D6BCFC0C3D789DABCFFD4AF4C3D6AAA33EAB00780B9270C434B925163FF69EA6A39A4965304BCABB3BB54BFF5F8E4E0BA63EED0ADE826B974AFFBCEE9AB4CBF2AFFD4D7D63C88BF6B28BBA74B3DC4AC0FED1418439B1BB030678DD054C62D6179C92F1DE04A9B30B95431614012B42320410400081E21628FA10C0E3BFBC5E39B75FD25FB57FF5C3312BBF9570076FEF887D97DBF74179568FDA75BE70C7A519344BD61A58DAF443999D6BB6CF7CE987CA59204026083C9EEE8661668FEC97032CEEB384D221D0C1051EFF9E8CF9AFBD6DAE73DF3E33D87EDBA617E45FF37BDC5023B376A03D2249A682B7E1E6F0DE6508F58827892CB86F41B947D73D7E4F0040F7E095B24615E9B545AD7149C9D7DABD83FFF530FED888006B3C7AFA0042C211CD9D479C2D3EB750D5FDF8C767989F507BE523312D684F4C0B899BD316F48EE7BFDB3366DE2993DC09CFBA80AF7FF498FFF4D7FCE367C54F7B72FEEFD6D65E7896674DDE01B3AF19E7B93B60C89AA74D5E73C5CDAB26BB2B17C695646CB0A043861CC251E4B26AE48500020820503C0291E6E6E6EAEAED7E051A18A494AD7B1B8324CB3A8D2CCDFDAD91BFFA4B6C64BEB54AFF25EAD1F5A77E6BCC4F9CE56AE4729C3503DF5A9629F1417D47807B479904668B257376B49F78F6AA4FBCFEF5B859BBB2AF33CA574604E8A79272F3D44D4200236F567661E2EBFC8FDDC3079D529DB5033B2280405B045E79FDEDA1C7BD1E9743DCDB8592853F9D613EB2FEFF17AFB706164DBFED6B1B6FD6CBFEE9B7206B82807ED4BC15B87FEAE100C92B80586F1DB21640E2E800BFC7635939C5705698738F6B17CF4AE9296A661299AAE02E91286BEEE95947BE837DEC7543EDE7F45F122BB0935A7FC91D01164DD0BF35CE75461EE9FC947E38568CF81DF52AFF49474C959BBB76A95BBED5336628339EC92D9DC4288EAD38C15BEDDA391F5ABFFE37091063C67CB661EEDFE4A9754FC7860964C60A94C26A41FBE3C0D921B90503651528112DE865D21A0D7707822B82441271902142A55BFE04C2E4EA148131454000010410082D50D16B54B1870052D6497F459685FDE3BF79FB3E189A252F3B1002C80B2B9922104CC02704106CC7524F15EB40EAEE78DC7DFFEABCBDF7742100317077F6EC248FCD19951050880B01A43CA25F6EDE8EBEBDDCE9EA19974F5C6CC774EDE3CA7885E410806F1BE52D0450E83382162CDD2E34218042BF5A381E020820804000014200019072948410408E20C906816C04080164A3567CFB248700D294313FA3000A8DE21D0550E863E7E1786D6C414601E4A14D8266C92880A052A4430001048A5B40420045BF1640710B862A5DF3FBBB43A527310208E44480975E4E18C904010410400001041040A0030894EC448052B33F70A4D7AE96534AADD49417810E22D0B7F2CDEE9DF77690CA84A9865C350D93BC04D27EE84317062F651ED602087EF0DCA4A405BD8E25A791BC16406E4E8B76CA25A13AED540A0E8B00020820D02681529E08D0A68AB33302082080000208208000020820800002E52590B31040C5667DEF2C3604104000010410400001040A2FD03AE2CCC21F9423228000022527C05A0025D7641418010410400001041040000104104000812C05580E304B387643000104104000010410400001041040A0B404080194567B515A04104000010410400001041040000104B214200490251CBB21800002082080000208208000020820505A02790E016C7D726CED3511F373EB8B16CD8B33E4F7694F368572B2F2197B7F739A9D56DF2A4759BA3A40B63AA55D18A50A58C200452BC6244DF7DF16A9BD6DFED6622C1B65420001041040000104104000010410082E90CF10C0DAA591290FA959B7461BEE8E36DC3AAFE991E2E846BEB87C85AAFBD419DAA8484BA88BA6E314610325C19B9D94082080000208208000020820800002E52790BF10C08B33AE5BAB465DFAC015032CD501B397DE3C7B701E8127DC2281866913321E61EDF38BD5B829E3245DA14B98B1689E043A4EC186000208208000020820800002082080400E05F21602D03D6D5577CDA76BD217D6330E7FC65A3769F3FC69CEF481A42BE1D680FFC44901E6416722809E6B30E3D6A5F60484F841ECAB7FB7564D3E5B470A0A5B425D379FCA5AD3229C5909CE907BA9FE4F444F353E34C2F3ACA3637679D22632FB7A72F64C97F0634C5986F80C556CDF110BDE700EEDC930D89C8B1C9EA964850002082080000208208000020820D046817C85009A5E7F53A921A306A52D9E74479D99029B670D597CDD35561440BAB8B7D4AB4B37EBE90377AFAAF9EB4ACF2C74E9244F9461FC77DEFD9C3DB8C0CE7FC22DB7CE1B1577ACC54D275B39C8E36FD44F71D70888CD02287009752FDDA7B2BE3E3262E26B75F2CC280BE1166BCE42C2B6E2AFEA3B7747977F6DD5956778738EDE39AE61C12D2919D394C19BA1EEFFDF52DF386E95D504D234E6E04DF72FAA6F1C326FB9D52EB34ECE10DC69E389C9EE082080000208208000020820800002B916C857082048399B9EF96B831A32F5E37AA640CD15174BA777F1EF5E4CB8383FE116CFF481C716C915E9DA59B72ED2C3F8336D35275A7DD401932E941EEC9B9B4C1C21360B20D3EEA6D39BBB12FA6715A8147E89265FAC67550C3E63C2E0B842AA7167A7614C57064F866AEBC6658DAA76D667136655D49C7A8A52763C65C21599C677645D3576440001041040000104104000010410C88F40BE4200A6BBD8B82D5DA99B5E9511E6A78C8C5F2020CDC5F986463D22BDE1B18DE1EE26E029426C1680041D0A5B42DFCAE6A44DAD9CA5676EA6425833082478E1370A236819B6BDD5A0D4E853CD220E9E6DDC346B44C0DA8959DCD321275525130410400001041040000104104000813608E42B0410BB1C9DBA7035433DD7E79D64E97AE693BF2603DD6586FCE569EF0E98FA809E7B014822F78279414AE85BD936345C6C572B677B7CBE75F3053D77C09731541936BCEE730BC69A2B6EB6A70664DF0A39A934992080000208208000020820800002088416C85B08409D71A35C315EF11367913FBD929C67C13F5DD09A8F7FB856BDB1EC19DDD56CBAFF91C5D28F9599EDA6677EF793D6A5FEB8BD6A870E50E3A6AD9AAC1A162CCAE6FE8289B3000A5A42FFCA9AF66A7AC75476E563EEC27B0346C52F6D90A6614DCEF5F739EB029A0514FD18D395C17B006BDF8605BF599D78D4176758AB0F5AF9B0218000020820800002082080000208949840FE420032BDFF66B3C89F35405D2F2F376A90F4F6CF983259AF757FBBACFC37F8D3CF59CBD7490299E45F77A799F67FC6A286AFD599C5F06B6F597661E2CCFF09575EAA7BBCFF6562042136EF2C00B35B414B98AAB2D6B80653D9FA46B73A03665FE33C9E744F84C43A5B394BB4453B4FF9EBD4EF9859FA7E8CFE654836B4F63503FEADA6B1536C7D67837D94871A62B77B0CD104244500010410400001041040000104106847814873737375F576BF120C0C52ACD6BDBADB5AB1F985208949830002082080000208208040CE055A479C99F33CC910010410E8780215BD46E5711440C7F3A2460820800002082080000208208000020894AE002180D26D3B4A8E000208208000020820800002082080400801420021B0488A00020820800002082080000208208040E90A100228DDB6A3E4082080000208208000020820800002088410C8CD7280EF1F1A1EE298244500010410400001041040207702C7757D2577999113020820D061056439C0DC84002A7A752E00D2F6ED83ABABB716E040F93E44F154A4784A926FF3F4F9770C076AD1BE6751AE8EDE31DAB12D1A08B445AFE3EDCBF910AA4DCB99AB75EF9150562446000104CA53803B029467BB536B0410400001041040000104104000817214602D80726C75EA8C00020820800002082080000208205086028400CAB0D1A932020820800002082080000208208040390A100228C756A7CE08208000020820800002082080000265284008A00C1B9D2A23800002082080000208208000020894A3002180726C75EA8C00020820800002082080000208205086028400CAB0D1A93202A52DD0347F5A64C6DA02D4411F28326D7E53010E15EE100884F322350208208000020820808023400880730101044A4B60EBCA658D6AF1EF567B4ABD7A466D64ECFD6E573DE1CFD2AA5E80D22210008924082080000208208000027E028400382F1040A0A4049A9E59D620055EB13C160358BB7CB1B70A097F9654ED82141681204AA4410001041040000104102004C039800002A52ED0B4F2B10635B9AE4E2D5E6EE6026C9D3FF63A1D0168583022521B99717FFC9F569AA6FBC7CA53D6CFD8F95BADBDD6CE88D4CE9871AB79307EB4BF6468271E51DFE872E9910589890365121B9EE0538C6C5A03816CD4D807010410400001041040C012601400270202089490C0DADBA55B5EF7A91B478D528BEFB666E90F9EFDDC9D75F2FFDA599BA30DD14557C4FF394EF7FF472C50F39647E5D955931BEAA7CC70860F2CDE3054EF125D3EAFB6B17EC4ADD6C3D2FF9F52DF3079957EBC61F3BC512ECD8445FA11F95955E726D64FFA6522A18129F5CA2A8FA41FFDD84A2967EA6284D447202418C9114000010410400001043C028400381D1040A0740456FF4E2EF8D74D195733E9C25AD5B86CA5B9A49F6EB3AE998F9A3A69B04E34E153122C70860F2835FAD41AFDE8E04953A5ABDFB44977D4F52C83DA79574E48CE72B53D6460A21E726025365B7226A69073AFB0325713162D9D5DA3D215235315E29E472014178911400001041040000104E20508017046208040C908AC5EBE42A9C953A4835E73EA6819FBBFEC998CABF53735CA607EB96E6F86F15B5306D26C4DAFCA3A03A3475AF102EF26FDFF892B6AADA104DEA101BE3959E18151A34C00C0D9C21523750911289993958222800002082080000245294008A0289B85422180808F8059E76FC544B733DF608DB14FBBD5C89401356ADE667B18BF1ECCBF685CFA5D366C4A1C5C607AF5662881D5994FB7D58C94DE7F63637CC1B22886DF3110E08581000208208000020820D0260142006DE263670410289C801E03EFE9CC6F9EE5CC051834AAD65B8AB83FCD9481FADB9D75013DF70EF429B93553A0A1FE3EEF1D079D64A657BF75D306F937B1871F9795996E30C7DCA4502F2E28AB0F842B462A53040A77B671240410400001041040A0630A1002E898ED4AAD10C842A069FE3467D17B77E5FC2CB2C9D32E5BE7CF59A16A2F9CE40EB0AFF9F8D45A331760F0ECB993ED3B02E81E7EFC9F35573CB76AB25A7C9DAEDA88C7A63E604FD14F51CA718BA2B2B8A0196850EBDE11A066F677E6D5AAC513E5C1298D5325F4A092470A7832B432317728884C593675F9223D732154317C4B87409E4E2DB2450001041040000104CA4820D2DCDC5C5DBDDDAFC6038330B4EED563622B7A750E92B88D69B66F1F5C5D9D79F5AF361EA500BB174F458AA72405604F73888EE1D0C65A48FF7F44BD9AB759AF5D6796AF6FA8BB33FD9879B94FDEC40DB3363F97BE531DAE6DDB588B70072BCAD4082050942766BB158AF321147D3973B5EE3D12CA8AC408208040790A54F41AC52880F26C7A6A8D408280BED55CEDBCEFE8FEBF6C35573C20F7C3B3EFBA97CACACC4B67430001041040000104104000819211200450324D454111C8A38075AB39EF4AF89E35EDE42EF7B59119D65C7A191FA0270B4C9BDF2453DCADD5F5CD7077E7D93C9690AC114000010410400001041040A0CD028400DA4C48060894BE80CF7DEC6A86A69DF13E78F67332675EA9DA599B03ACB15FFA42D40001041040000104104000818E204008A023B422754000010410400001041040000104104020A30021808C442440A0E30BF8DCCABEE9D586F8A901191456DFEADC4DE056BF3BEA757C436A880002082080000208208040F10B100228FE36A28408E45F2069D8FFEAE52B949A3C45EE6617709B704B546604E89F5B82EF14306F92218000020820800002082080404E040801E484914C102871819A2BE6D6A986FAFF9ADF645564F5AD1317ABDA7957C63AF31B5EB79ED9BA7299BE0FA8B50D1A25AB05B021800002082080000208208040E9081002289DB62A7849F5DAEF0559E9DD59643EEF3594FBD867552359FDBE3632F67ED33B0EB0594BE827FF5839E832448A71A8FC84450DABEA1AEB4758259FB8A26E55C373B3075B951DB768D5647BE5FFC8947A991E606F8367CF751E0F8113C0CF27493C692E0F67E51C32C3B63762F8731E81ECCE1CF64200010410400001041088132004C009914AC0BADEBBF877DE79DDBAE7E3E92C25FC59F494FA3EF67553C6E5BF9CE316D943E23D6BE6CB23CF5D5193FF63B7E50812057006F3372CF28EE68F0DF2370996CE3635711F2F4CD5EAEEB48E7E679DDC893064A7BD2D2C45B42F0245D41814050104104000010410284901420025D96C852874D333CBF4F5DE15CB633100DD85F66C097F16A2506D3AC6EADF2D0E35B9BD4D074BB9B3D5CD66B67C5B70C74D91BB1136BC1A7850465B8EE5BF6F7B372202B96F5372440001041040000104CA44801040993474E86A36AD7CAC414DAEAB538B97AFB57696C1F0D7E908805C809581D333EE8FFFD34AD374FF5867F4FBD8F95BADBDF4E8E51933DCB5E2A7D953CDED0CEDD1F223EADDE9E5669CBCF9711307CA24363CC1A718FA787A7DBBBA4FB579A5BA3485C98CECD4CE9A08A0CB396DFE7C1B47C4ACC1E1BAEE8E9E2F69E6A394570ABFE676258DE70CCD6D0DA47726B6A41A879FEAF4B34E78EBB49CB1D6DB8809078AB59DFF4968CD28B18AE43DE7DBDA5E08B45590FD1140000104104000813212200450468D1DA6AA6B6F976E79DDA76E1C354A2DBEDBEAB70F9EFD9C6758FBA22BE2FF1CA73BB42316A879CBF550ED55931BEAA758FD2EBD2DDE3074B31EBFBD7C5EAD4C3537D3E0A52F24B3CA27AFB206CC6F9E37CA2D9B3B16DD9A971E9B33EF978974EAA6D4AB5956E60DAB463FB652CA99B218B99C05E0579840BA13160982376563FD328D23022276B9FA8ED1B097E54B4D1AE8601D369135FCC444737C8956DF2A1D6C59CB409F15325E408DDAB0C984B1326FA94E3FB5F831F5404374F39DAB6E1CE76DC49AD94B9DA913A66527CF950514FC1B2EE5399FB958892910086FC61E08208000020820800002960021004E043F013D665E4F9BAF997461AD6A5CB6D25CD24FB759A306464D9D642D2037E153D2F372860FC8CDE54FB5668E0F9E3455BAFA4D9B74475DCF32885B70DECDDBB9BDBCAC486F27364F2567620A39D79E603F61919EA09EB218B99D05905C984C3EA99EAF9DFA71C1A919A985468FD47AD6EF8D8D4DA9EB92EDB14A7EBFC5D75997D0AF5B2C53E217E9351D7C9BDB7B3BC30953260BE6E8918117804875FAD55DA3973FA8193721C5720EAB6748486BD4BCCD7A8A87FF4998E69C0FDE300804B72225020820800002082080809F002100CE0B1F815827AAE6D4D132F67FD93319E75D3735CA607E673D79E9A4A5776D7A55D619303DDEB84D3A601357D45A4309BC43037C33B36209A346C577C952152347B30052D7CAE93AE670B5FF70A4E57022EBC5F0ACA128F61D0A952F518D0C5D71D6B0F03D4952528539FDBC99C874008958D5ADB25749F46FB854E77CA886432014178911400001041040000104920408017052240B9875FE564C34575CE5D7066B8C7DDACDEA77C955D0D892F2E63A6D9A6DC3A6C4C105A6C366861258FDA8749B7BB5DC9B28453172390BC0BF4CB135F373B6D45F16A4657036DB7728BCDC5A6CC297A866F677644CFEE289F6947BB7679E1127D4E917CBCD9A77A0EAEE74EFA190A6E192CFF98CA54A4A80407833F6286E8123F3A7BD652F1F53DC05A57408208000020874080142001DA219735B093D66DED399DF3CCB990B306854DC3CF6B83FCD9481FADB9D7501D3DFB3CD9A29D0507F9FF78E834E25F41878592C60D306F9D7FC9E6233D30DE6DC6F25D10BADC9EA03FEC5C8ED2C80DC6AA7CE2D1C69A14AD5FEC799708BCCF037CB25A468EEFBEAF534136B598A68FCDD0DEDE103D60D2FFDB7C0A79FD95DA6FD4F5CA16A676DF604BCFC4B95EE9C0F898A4048309217A780F4FCB73A2B749A12CA23C559544A850002082080404712C85B08C0B34875DC0AE7ED88578445F2D5882BA7590F2F6E3173EF4ED6E2E4B135F39CF5C9BD0BEF8715DF3A7F8E74692E9CE40EB0AFF9F8D45A331760F0ECB993ED3B02E81E7EFC9F35573CB76AB2327395473C36F5017B8A7E8AC38F5BA447749B8106B1D5D13DD76FA7344E95D0834A7BD5D4CAC4DCA1203265D9D4E5FA32AC5F31F23E0B20AC71C0F4E14803669A9CCC3ABB927FAC204EC20996F53172BBE3844572F258AB45FA12D50C95334796578CBFB5847DF1DC9C2D122370367383BD05B74BFC28367C20C8E9A733B0A6FD3BB7C970EFE6E0DF70FEE77C76326529107FA2A60F3266C7CA5E8515E83C7BE971EABAAD9169BBF534B2FBDE8AD4BED3784D9E8BD01E6791F5991EBBCF4B9E6B98CBEC7DBE8DE4327BF24200010410682F814873737375F576BFC30F0C52A6D6BDFA625A45AFCE89899D35B19F73D6C76E7056F00A92AD6F9AEDDB075757675E972E65FE218B249D9F891B666D7E2E7D57369BDAA4AB88B790D2F31FFBFA8DBA00F2AD25B6049AF790BA908B655D7D6BF0B935935916423703928394BFADA4D9D4BE18F7E9180E6DAE85759AC9056DCF391F778215A4E9DA5C0B29E5D6F9F3B7CD9E6DE6A1A47CED14A436D91C04811402DEA6F43957B3B1669FA210D8BA6BEC943D6AD689CF5D91F44D42972F17AF08B79EED7116C57DACE75D3C675CFEDF46027DB508F2F5231F10AD7B8FE4235BF2440001043A984045AF51791B05E0A5AAB9E201B9EB9B7D6FB9E230CC5C24331FBEE05BDC9A61E316650A4058F730B3279F7B1742979E4FFB94BFE0601C30AF02DE132CAF07CA61E64DF3FFABBEFE3AFB9E944DAFEB092565B695818019BBF16AA6254ACAACE14BB0BAFB67D46E8DFCD7D1D1A3AA46BFFA5EA436615E409E2BC4599416D8FFDB4890AF1641D2E4B96DC91E0104104020AD40414200323ADB736F396B68B1F931E3D5F52CEE486C5467CA41EFB96DCA4C4532CBE05983CCCD6445CF88B83C8EE8B3C6302F9E181BDB1FABB57D3F30D7CD0CD2B6270258576B25AD1E5A3F63B59026953FB77CE4560602DE13CC3AFFA7CD9F7FAB79F1CA4BC09975E219E05A98D74826F99AD94BE576126639C0C888056D1F7F94E98045F77CD909F89D78491F34CE678DFDE9E3BCC77AF6B5C346D6C4AB1933EC53DDF99C2ABA56EE00059299FFEFAB3B074797F6D18BC95E7972B4E1C45177B75BBD92CFA2006F7A7EA799F90E73BFFE62E37E7F706A65D25B5F21AC6F3E096763BB55DEEFC03EDF467CBE5AF87DA34BF8FA11F7A5CEFAE0F07CF72B6681A26A0E0A83000208E454A04021006F99ADEB8AFA67559D359BD7DC2EDE5D73DEB9237D4EAB9921B3E422CD7ECEBAF7980C8A96A2CA425FCE88385DF25593659AB1F36531D7C5ACB962AE3EB035493E7E9D24BB30D1E5F36A8D9B9AB0487EB70B20559035D2949249013211607062F9735D4CF22B0701EF0966D5B7B17ED950794548075B5E0297ABEF987B379A95F90AF71A09402F7D60F326A37F32DD9922407EA597A4A30B589719EB3EA5E73CA578734E7A57577A704483BDD0E9AA7943F56A279E7D4DD8C87D635FBC419FEA51CFFB6DE99D04455F62590B6070FCCB531E2960A9339F4519DEF4F4A770C2F719A7F88B1F530F344437DFB9EAC6D89D719CBB8736C804499FB3B180350F74289F6F233E5F2D327F7D4A71B0121008C44422041040A02405DA2104A0A7AC5B715FEBAAB5BE0F57DC05F9E52BA41F3BC59ACD5EB82DA9480987B616FDB26F56A7CC42F4CBADA10179D8F407AA5E845F8E214BEB7986038C3ED55AA1CF8A98586E6C081458A076EAC7E524B46EC7A8468FD4F76E746FCD58C8D748816BCDE18A48C01E0C155B1B25E58997FC41A3CF5B277E3A5B2FF2E2DDB766F635716FECBCDF16B0D5A5E77FB22C1B54B02DF85924170252BFE9E9F2A6FAF25077CD6CFD5E396E82BBB0EEB2FF92BB87CA9D4ACC623DE69DD38EE65B6763116E29BF8D78CB9AE9EB53AA7A95844011360A4542000104722250A810803BA9CC5AB2CEDCAF4BAEBAD875B082CDD69AF33A2A5F3BEFCA424400D217295ED7BA47BD7C5A9B617BD620B7BC6EB2A2B81E2521C7583187BB25E7959ACC732450E8D7488E8A4D36252620CBCAEA9B89C8CD425E375150FF13CFF78366C22DD6878E35C6CA9A7A66ED6B225A6CE52410F02CCA48E27B9AA5D8ABA141AF9D6C7DCFB1B6A4B331E3D1DA2741FA6F23610412CB5F2A02EDE3CE5111400081FC0A14280460AD54376A548DB9786D5F4EB7BE7ED9DB8429FA6E73B7CF97B5BB9C8BEDF9ADB8CA5824EFF16B46E9A98AF3363B438B0B32BA78C28DD6580036044A41A05D5E23A5004319732E60DFDFF1722B3CEA7BE2A5FAA031F3237420A06181EC6EEDCB88AA9C3750496498F92CCA588D54A799FF8E127790FBE65A279E49907036663C5C3B2648F56D249C4052054A48A01DF13934020820900F8182840056DF2A63FE6BE77D478F8BD35B63A3B50AE026BD54B7F95D22E2D6E8FAFA050DDE3BD2E7A3C626CFCC451A34CAD3FF365315EA6F77D605CCE32DA9E54680FAF294DEF43885AC032271E5CF1F6459E4BCFAD67C2DFDD081F80AF81AE9406A54253B8109B7C82029B30845EA132FF98366ED0C6B81156B17BD79E7A035CDBF7BB1C4793D33B7B32B1A7B958C40A0B328636DFCBECFF8ED543B6A905CF977CF5B7DBFD2F8B331E3910A9EC0F7DB48F2578B6401BFAF1FF6B09DAD2B97B9D77E8A5FA0E0E41C100104102894407E4300B266981E396FDDAC5ED6BFD15FB9667F4756B0B316EB9ED238555FE5DEB0C944C4ADDBF338F3EEF257FDC0451A3C7BAE0ED8EB3B02489F5CC6C249FCDE4C201CF1D8D407F236734FEE61660EAADD9AE66D5EEAC44DC292C4973FECDE26BDB542721E6F7FE0532A6BE9E0E49F3CC65C32D108C24419C3225BAA7B5514E81E165601CC42CA45B915EC3592AEF609B717C90895EE7CB356BAF6BB3747C65C0B9EC0BD3B83B3D878D625281990098B643A803595DAEFC4F3FFA0917757FB3D5C62CDB31E908F246B5FF3A120F3B4EB5665FD7E9B35383BB6A740FAB32863C9527F9F49B9AB7539BDB1FEF2FB9B92CFC68CC72B7002FF6F23715F2D94FF37BA84AF1FF6800BEB8BCD94FA06A71AC52F5060700E87000208145020D2DCDC5C5DBDDDEF88038314A375AF0EE856F4EA1C2471FA34F22D7644BD4AD3E9DDBE7D7075B53D82AEED876BC71C8AA722194AE22C976DC23785DDA42B72DD62B923C373798BB678EA93C6C1BADBA2DC67E19609BA071E5B84CCB377AAC7730FA60BB321A549F19C576DA979DB6A21218029F52A8BD3C6E77CF3347D5B2A147ADFB00271EF9CD66B36E37D10D39F485689DB1324AC40686276282901CE8750CD55CE5CAD7B8F84B22231020820509E0215BD46E57714406856B3882E1B02C52250C0F5290354595F41922533E486906CF917B06E7625A19F22DFD6DEAE971977A659D55CF1804C745F7C77DAD122D6BDD0C26F250212BE62EC810002082080000208949340718400AC01E723965DB8B92CEFE05D7AE79BD55E66B8BE3B4DC01A356D7ECC60F58421D9D60063339EDF6FF74C087EB9C9444A4F569E435B99657394A452ACFE9DF495CCDDEFECCDBE9B945BCD748F1B137B1D015D9E69F3E7DB77C4143777F0B66D9831811CAAE6E353651E4DDE6E4899A9154AEB797DCACD9861833BA765D02A38E7B335112048D3E4E47C0B5A3A4FBAA453D4BD4D63C2D415EB7C93D7A6BC94AC7B9A980947D66CE4205BC98004A90C691040000104104000813216288E108075D7996841867C97715BE7A8EACEEC0059585BD6379669B4A68B6B5D21D43FABEACCBD8EEDD980F6256BABA35237F78A9A14BB672ADCE049536511EFC7569A99F026B729E3CC5EE61E93CEA1AD00449647492C85B5DCF1E429DE0BC13237411F6BF9BC5AFB96CEF63EA91E8FCBB2B17ED950D95D162417B7CBD577CCE2E46655336BCB9860F0C8D1B26CE6EF180790E984B19F5FBC4183FBB457A6FD272C9226F6264ADB34393ADF3215CAE779B322B7DC6C25B6D50CF5ACB192BCCBE0D9CF5937D533676CE0A86BA9806461C82E0820800002082080405909144708A0ACC84BBCB24D2B1F8BDDA7C0DCC7C15C9496FB035BA300E4EE0FF67DB6265CA9977E9C2357FEB7CE9FB342BA1C374E502977CFC4E25DBBDBBAA1637CCFDCDADDACB4B46CE5D6AC8F92500AEF7D2BEDA7469F6AF5B6AC9084F776627E8F9BB0C8224F04A176EAC7657773237233B8C073CD56E79B3101B731CB74A6C43F9FAABDC2E592A1697275BE852F547BEE91E65C2D4F90F66C0C8E8D00020820800002080416200410988A849680D52B960BE066CCBF35A25836E9FF4F5C61AEC6EB7B6EDB9B73E97EFE7DB208B01E02906AF720B63557CC95DB802D7BA649659E9FEF5FC82047214D8717706255395CEDBF1DCFB7841092F512959B89C6CF5E49DFA61D0BA4C39FBF5410010410400001041068A3002180360296DDEED655E851F336DBC3FEF508FC45E3CC68E4A993F4656DEF95F39AD9D7E81B77D5DB4300E459DFDD03224E98A26FD378FBFCD73738C74AB5635B8E12B030242B558109B7986923395CEAAF3DCFB7A461FFA9C6C8A46CAF0E0652AAE725E54600010410400001040A244008A040D01DE63066407EFDEDD6E07F99026D56F8D35B63A3B50AE0A60DEEEFF2CBB81BAD410166CCB00E01A4DC3D80909977502FF7F4BE7092CF9D23B6CEBF7C41839A3C77F6E0361DC55310AB6B97FD16B71C60F6D9C4ED694558CC4C8290DBEA5BED850943EE47F28C02B93ADF321EC82781191DE32E27B1FA569989533BEFCAD8EC930DAF5BAFD0AD2B97E91BB85ADBA05171CB1C6473D8F4FBB42748EE6B438E08208000020820804087122004D0A19A331F959185EB9CA5FEAD25FD65EDC655939559187FC463531FD0C3FB6B667F474FFB9F285303A6344E9509F96AC3A6ADA630D64000DD2DB7CBE6B77BE0628F9BA2D7318B0514CC8E4E09A7D4374C5E65EEE2D6A6A3C48A6375B5AD210EC5B2591196DAA1A1230012AC99280B28C866DD9AC1671DF8548FE7BCE6722073CF880EB4E5E87CCB4E44969CB0D6E0B4E6E64C5C51B7AAE139FBE5366E91BC54CDCAFF117975B8D9DB4B75EAC76321BCEC0E9E62AF7605C9694DC80C0104104000010410E8680291E6E6E6EAEAED7ED51A18A4AEAD7BF595A58A5E9D83246E639AEDDB075757DB1DCB3666D5BEBB174F458AA724015B446E6C36A25ECDDBBC74B6E9043B2BB13B7D9E80D924264BED20FDD5EB36CC5BDEC6FCB32C56F26E69EB9BA635653CC2C4C5263EA26BB4B8EECEA4A5E0533D9EB3B2BB19E9C26C98B539C51D404AEE9CCC39100208E4FCA42AE90C391F42355F3973B5EE3D12CA8AC408208040790A54F41AC52880F26CFA52AE75DD3576FFBF1095D0E30E1AEAEF2B929BF0590BAD7B86540415C8BC8062D09C72914EDFB841D6742812D35CD4883C10400001041040000104102815014200A5D252655F4EB9001EA91DB1ECC2CD81EF649E13B2098BE426EA2B9617457F75EDEDF58D71D3BC03D670F5EFE4C60DE61E84F666E671E89FF831F97E8FC7AD68A05B61DAFCF9F60D20C7CEDF2AE3324C56F2BBCE3C63024953F3F1A9326DC4DC4B920D0104104000010410400001040A284008A080D81CAA2D0232BB5856714F183D6E3D98E751FAE3166D9ED5A65501DB52EB847DEBEECCA2B2D6620693A7C4168893D504666DD64BE22F9F572B73C86F8DC537523D1E578CC6FA65436577B9FBA3ACC270B9FA8EB913646C453A592D324382C12347CBBA8EBF2B8AB84A0E5B87AC1040000104104000010410287A01420045DF4414B0DD056AAE98EDED3FB75B79C62DCA6A0484F7368D76D9479F6AADA53078D254096E78D63BF47B5C569B934EFE228F80B9BF83B92D81195C907077FA8C09AC5B2D14D53A8BEDD6A81C180104104000010410400081420A100228A436C742000104104000010410400001041040A0DD040801B41B3D0746000104104000010410400001041040A0900284000AA9CDB1106807016BD47DF65BDC7280D96713B7A73537C1CC24C8E9B6FAD61965BEC00002393DA1C80C0104104000010410E8780284003A5E9B522304E204ACAE76514DBCDFBA69832C493834C71100B919C1C41556CDD7CE909B14CC48BEE340AAC7737EC2C881E26FB590F323F8668840619C390A020820800002082050CA0284004AB9F5283B024104267CAA4E352E5B69DDB44F8D5B24F702709615AC99BD341A5D3A5BF7C5533DAEE29603F4DE8261C22DB16502DDDF33269043353DB3AC4199250373B8ADBE7D4143C28D0F72987BB8ACC64DA96BACBFFC7EB913432137040AA9CDB11040000104104000811215200450A20D47B111082E203D52D5507F5F918C916F5AF998F4D5E7CED6B712C8DDB676F962553BEFCAA2B8758352136E9C55DBB0E0F6828A2390BBB3899C1040000104104000818E2B4008A0E3B62D3543C01198B0E8CE3AB56279417BA4A9F4D7DE5EDF98FBBEFAEADF2D76EE50681F78F17511990EA07FE2C7E4FB3D1EB7DE810CA7975DE6DF6A761F3B7F6BD3FC69EEEF3AF38C09244DCDC7A7D6AAC5CB932723E4EDA444206FB4648C000208208000020874240142001DA935A90B02A904C62DDA3CAB4DAB02E690B6EECEE7723C04C02C7530798A770C40EDACCD32E521BA7C5E6D63FD885B63D18F548FC755B0B17ED950D97DF3BC510DF5532E57DF91290FD6EFFF35DF1EDC9F31C1E091A3955AFCBB82455D10C8E1194A5608208000020820804007162004D0811B97AA21E011A8B96276518C921FB7C859892087CD63DD62207E1B7DAAB5D6C0E0495325F4E1590DD1EFF1B8F50EAC6CCC5205E6A605A347EA390BD6EF8D8DCEFCFE8C09AC1B31146E15460472783A91150208208000020820D08105080174E0C6A56A08208000020820800002082080000208C40408017036208000020820800002082080000208205016028400CAA299A924021D5BC01A759FFD16B71C60F6D9C4ED698DCC3733090AB1215008658E81000208208000020894BE002180D26F436A8040D90B585DEDC24DBC0FE0BD75D30659516068A1220026D850D602011A8524082080000208208000022AD2DCDC5C5DBDDD4F6260109ED6BD7A15AE8A5E9D83246E639AEDDB0757576F6D6326C5B07BF154A4784AD2BEEDD2311CCABB166B6744AEDB306F79CEEF3590E59929370E1CB14065559E6CDB11812CDB8ADD8A5C20DB574491572B5FC52B67AED6BD47F2C54ABE082080400712A8E8358A51001DA83DA90A02E52B306E4A9D6AA8BFAF6037E14B2FDDB4F2B10635796EAEEF7D98F6A00894EFD94FCD114000010410400081E0028400825B911201048A5760C2A23BEBD48AE5451103587B7B7D63EDBC2B0B7C1346048AF7ECA464082080000208208040D1081002289AA6A0200820D02681718B36CF6AD3AA806D3A7AFCCE7577B6C794040472D88464850002082080000208744C0142001DB35DA91502E5285073C5EC025F79F7571EB768D1B8F6F147A07DDC392A020820800002082050320284004AA6A92828020820800002082080000208208000026D112004D0163DF645000104104000010410400001041040A06404727353C0F70F0DEFD6B35FBE2B7D70DFCE021C25DFB590FC8BA722C5539202B0A73944C770E830B5A8AEAE6EDFF3A17D8FBE7DFB7604CA5CA07DCFC0623B3AAF88502D225C1DE39B52A85A9B6F56C7757D25EC5EA447000104CA50809B029661A3536504104000010410400001041040008132156014403B347CF15CAD2D9E92B44333780ED9311C3A4C2DCAFC0A30D73C4560EFDEBD1B376E6CDFB7058E5E0C02679D7556AF5EBDCAFC3D215443300A201417891140008132149051008400DAA1DD8BA7AB563C256987662004D0BEE8298E2EE764997FDD270420026BD7AEADADAD3DE594538AF224A550051278F3CD371B1A1AC68D1B57E6EF09A1B8090184E222310208205086024C0428C346A7CA082080400908D0FF2F8146CA73113907F20C4CF60820800002652AC01D01CAB4E1A936020820800002082080000208208040B909100228B716A7BE082080000208208000020820800002652A4008A04C1B9E6A238000020820800002082080000208949B002180726B71EA8B000208208000020820800002082050A6028400CAB2E15FF9D127BAFFD34F5E29CBBA536904104000010410400001041040A05C05F21C02D05DCD4EBDBC3FFFB646253CF8B11F6D71F533774D5FF9C9C79C0CBD3B3A393CF66F697AB6EEBE4E9AC7AE8E2B9B94538A97B8A53A62526ECE8E5B7E7CB5A777BDE6ABDEEA2796D9FB2C7DF2927C15C637B75421E589E154CFF78C4A7F9EE45D26A916FA888FFD5BA75E7EAF32BB34B197CFD58F251530ED2B31EFD5E1001D50E0B5A7EE73B715EB77480DF5234FBDE656F5B5A7E2FE709FDBB17EC57DD60EFA177773D2C63DA89F3579C76D9226EE51F9DB732893F4B5A7FC774C38A05B18F700DE47BC45F566E75F05BFD206A9637C41BD7BC49E89CBC77938B9F0528B548089681DF094EC08557AECEA4FFCD8733520EEEB99F3C69EF9C1C44F8A2D3FFE27F7CB9593BFFEE08B3B967C82C8E74BD2B7449D26FEC1AF267FC074047AEA80000208B4A7409E4300BA6AE7DCB6F1E8DE03CECFCFC65BD58D3DF8B72F3CF8A134DD8C049CC77E70F3598F98DC1E3EEB860F25F4D81FBBFA925FA4D47CECDF4E37FBFEEDFBEAE62F5B71870BEF8915ECD75FD1A59A6D8AE7D9521CD12737BD93EEC87DE8A68DF1597804FEF81FC3DCE7F487DCC52F7EFF65530629D5C3ABB92EDF9E2F86F0C7F669EE142746E6332AEE95E23D4FC2172BE41EBE27ADFEBA76C9C63BFE96B2246BBE7AEBA8BFD9A7EEC64BBAC74701D2BE1243168FE40858FDCCA7779F35E94A7B9B3CA6BFA89C3664887AE30D2706F0DA1BB279FE5043869C964CD7D7CEE43CF5742C7CE03C68E56EF28EDB76EFDEB56BEB1B6E6460C71B5B77C50E65A5DCB17EE31BBB366E8CC523ACC756ACDCD8E73CBBC8E729B770C11A74D7C6679283117AD74CA57513A4A8E3A4C15B57BA7DFDD79EF296B1CFC6D833B1039D270F27853CE22AE157A404B46095265561055EF9C9AD3F7FFEA61FC477B19D6F2CBF569E37F6B40FCA1718EF17B9C7AEFED04D673D6C7FEB7BE48C9B4EB77AFEC3BF76CB579EFFDF47DD4B3E8FADF8F9D95FB8C8FA4614F72DF10FFF3EDC42701EDC78C78B9FEB4414A0B02706474300818E2F5080104006C461132E3BFBF9C6A07D5FE9B4DB4104357CE43971594B8FFAD68D67A73CDA9A477E61F7F0AD233E18DFDDD61F84EACB73BE663E7ABC9BFF117D7393AED4AF2FDE7847EA3278F37DE5275FBE417DFF65E7D34E0DFBF73FBBBF2BCFF0043B6A2EB5FBD88F7E225765AD3105B18FC3E4943A0C21030AACABCA566C455FCBB5472230D020872F69DFE6F63FCDAC4B220E7E9A733887A50B9A95FF49BBE5C75FBA5925F6FFE36AA1C6FFD4890EE81794DAB8D97D0D677825062D996FBAA6F933E637799F699A3F36626D63E31F77D3B809BC4956CF303BA5DFB54D25CDF9CEBE15F17D30E9D0B1EACE586D3F596A02D29F547DFA26F6CDBD31008900283720A0FFF08D00B836F1E183F4ADB563D76EA56231001D01506AF72ECF600179488ED7D71B17D8B1FE998DEAAC49E73B6188D3CE777F0D7A6EA40C0204CC20451DFB0F19DC77D76EA992895C0C39CF53C6F38624063224559F3E7DE3AB1BE4F80968A976F97F7E5B90FC751AEF596CDE003C2F88B817B77EDC4A1197C07939A4DA2BE19D26EE3D46F6715F4D4EBAD5337CDE86BC999B3DDCC2C4BD4B39BB7A8BEACDCEBF0AE9DEFB3233BEF2E8C3EA2BD3CEFEF923BE97D92FFCDC3495F494EF834A79BEC8E96F53D37E7DCF85F6E1C7FFF4D75FB1A30CB26FECAB97FEACBC6442F257AEA4520FFF8F3FFCFA2B4B3FE733D62C73054981000208209042A0FD43008FCDBFE1F92F7FCEF9B408DE50AFACFEDF75D326BB17EDA547DD78F32F2E4BB9FF2B7F7FD17D6EF807CE48482797FA9FF71B021097CC7344FFDCC6FFF480FBB1E7DD73DDCD67994EB8A7072E1FBDCFA7FAFC5BF3D5CFC927A8356E62E31DEAA62FD9D30A9EBF61D364EBC1D8C7618A944A3DFCE55F5F2C29AD4EDA853FB38760E8E10F67F1391AFC1C4B9FD2AFB9D39F6689F9259CC37EE749AE0A9B321FDF9376CDFC9BD46DBFF08C58495B8C2DAB1F7CFEECCB9CEF72995E89D9D7487FDF1F51BFC19BC1EA1923EA47AF8A46A39BE7A9FACBFD8200AB6F3709645B35BA7E44EC4B7BEDBCCDE6E168F4B9D935D997AA507BFA562465EDE291E68C3275DD3C6FC3C4884B505202566FF6E9A4A1F6FA61D317974EFF90B3CEB23BE1992300A19A4DE20F7DFBF675FAC63A02A0FF349D686B7B6DE3C63E679D7FFE5943DED8E85CB8B7520D1E9234A020C481FB9E759E5CAF4F7FF93D4476DED2EE32F111AB907DFA78328981BA0FEA5846165549404B55D07FF9977F49782AF911FF7DA54B3C7183DFABD87362FBBFB89D04AB94FFCBC177AFA6C68686652BDDF863D3CA650D8B973B1135AB844DF3E72C6EA8BF3DE1B1B1F65B94F516A4E2F7C8D87A0DFEEF6A4A65AC63C6AC7502F9F675C62DF7FCF496AF2CBDD5331F33D0AE8989625FE4ACEF362363C31DE52B8884124C8C78FCC55F5E678F767CECD74B639F1A990E396C545C943953729E4700010410C82850801080DBB1F10EE58A3D78897AC4BDB09FB1B86E02739572B61339903F1FFEC2D733C511CE1A9122E22C03D2FC8700780A947044A552E696588BB3EF70C64B27F4C063393813E7AC18817C34AAAF5C6C2AA3A315EB36D923E79C8F55F7E33065CA75F2B99EAC615DAD65CBB780CF8921433CF61EF873C21893C4332AE57992EF0227E5AFCF2B9F97AD5F2DF47C810F6D9A63824DB2057B25665123E9FF2F9FB2795E6DDCAEAB972FAE9D77E30479AC66D2D45AE70BBA75D5CDB97C36615174914EA0D38C8ADF3B8B52B4E32EBE154951BB380135619113E3D04A6AC3A6B86114ED58A550873EEDFC2BAFD403D2E366FF5B7301ACCBF33A0230648C5CDED617E2F505E8F46300AC90412CCD2E9DAFB5F975B875D23E677DDC8E2FE86EB3041BFAC44F41B00EE714C6A958F2B005F34CEC70FA902B37EE4A25D167CCC7CFDAFD746299D297D693578A3A3EADCEBB32362221B9906E70C31C68E5D6C193FC6647780B9D5CA444B4348DEDEDF307EDFF4B76D22757A347B6257A37614A9D4AE8C6A72C66D326093EC662003A02A0E25F4BF290AAABABF566D834FFF27A356FB3F30E242F45F7D7A0277FCA2040D00CD2A493EBF0D6378DB88BF39EF4DE2F18EEC3710FA6FA2297FC21687F8DB970B23D17C0330B40B2F6FD96E82949F2659B1C549F2C10400081B2162840082036CBEBA7B15EA979F091694A9D9DC567F82B3F9AEEBD4A694D3CBBD99E3F96A6393D6395BDA95EF9D16DCE1C81943B271C51A74B915B62169EF1D2FF3EC789859B44B11C74E72A6E06C1CF2FB187EE5FBC34C3F9E99B323E06EFAEAC73D60DCF97F5D95E98CA073B3112CFA834E749618A9D7014EF3CCC34F347867FED8F47FF36726E2FB31640D057621635F27476DDBDAD6FE5F656337274865CF597F6BA29763840BECDD78F28A569009ECA2554C43CE3FB60A2884E543B7592DD6B2A3D011D06B8F2CA216F78BBEAA6DBBD5E47004E537A88FB1BF28774D2FDD601D01E4E6755AF2CE0F6836353D97D06EBEB80825C2A3779BF664500869CE6B95A6E0DA637873BEDACB394674180B8B9029EC6889B397FE5A4B3FAA63E75FB9B2080CC71886D694B9BA18EE70D9129FE71D7FD930BE93E6F1FE8E3EA19DF4512D31529092DFDABD3F4FC43F4FF25B5D5819F986A025016EF3169779180436D6DAD7391DF7A25C99F8DB1709A1E913377D1A2B9758BE738C391E25F6F5995A876DEAAA9CB3C8397B2CAC47FA72D3F9EBBD41E80397EB68C109CEFAE85EC74C83FB7F1B68DEEB504DF07537D914BFE1074BE93D8E186845900BEDF123DC5F60EAFCB21015921800002652C508010401ADDF13FF50E740FDA0C6BBE7A96CCA2FFA5734DD59AC6AFAC9EB0EEE25A1F54C90BFB7BA3C8FAE3C473055E8631FBAE02102B4FC211CDC579678BCF2D6825865F74C9D9CE88B8E47D9C0BC266A5404FE8242969C694D2FF3FEBC14BCC8A8C41D729085A09D2250A043D3192CEA862A37487685A27AA330EC5BF94C3ECD856B057628E6BEA7319B066F673C92379CDF5386BC480B5390369F50C82FC7CC3CE71459DEC122B623D9EF0A09F801E1930A2716E6CD643C90A9C76BE749A63B3EE750C60A3D309EF3F460FC6DF983A02105B4BCF67D53FFF26739621B062001B9FD9AACE3A4BFAFB323FDE5C2DB7560678E3693388405FD13745B326DC7B9610CCFA74E83F66F2791257D81522033746905C478DA7DC75063DAB02D8D95B17EF13D65CD06188B8790F018A928496719F70FD7F9D9D8405ADD93D91D8E416EB286E6C2BE1F1A422C82822E54605D3EFA5938E9EFBC03C7391DF0AB8CD9D3BDA3386401258594960C23B5F20E53885D8E174247244BD8C29F0DF6A663F20F37712971D085CC794EE7A1A9AFAC5C5669DA00FDD24BFFFDA5910C0ED907B47AEF93E68728FFF2297FC91A1070EB8DFB8F45C804DF37FBD34C397AEB872C7CF35CB782A91000104104020B340FB8600A42FFD1F4B424E507FECDF2E5E7AF61D4B62D7FCF575487B617FDDC5B53EA8AC2503E3572FAB1979F63A13E7D61F27B1D50764DAB3774D014D16BFA32CA797704449922AB764F1355F75E2113AE81E9BFC66AD8E7BD3E9B185FDB634DA97E82FFCFA6DEA86F9CEA7F1638F25DFA7D0394A90943A5BE7D357FF6E85E7E3E617643E4B481158C0FFC4087046A53A4F021F398709BDE3423D133BE36A21EB50BA8136FB1B5ECA57620E8B969455B061EDA68BFC803BE7DF33367EF6DCBA121A1B9F5811CBC3F7C144291D16D83C6A8ED35D2A5901A997CCBCF7CE60D717E46363FAE3FFCAC1A9179B55A0E30BBB762933C1BF7F5F3315400A238BFE39772AB8525FD3370B0258A93D2BE9FBDE343058F94E3B5F5FBCCFD1A63BF4CA2997153289CD3478EDA9A7DFE86B4538E2B6E42503329525192DD31E593EAFC300D1E894E5D28DF659E422C5B07BA7FFAC97127093C466D7FBECA5071CD58EAAD133692406600FB9D1C310ECF71FBD0C801D4C9870A34415630B02A47A838A9BCC2FAB74A499A4640701567A89D2963688A5AC7F240BBEBAB76A3AF0F26D67FFFC36EFDD018364E2A689FB22A7BFDB7856EFD32B169DFDFDD83C4D990BB0F4173FF72CE494E9487A70D9BA69B7045D9B2653763C8F00020820A005DA3B04200BC9FEFB9F1FFEF2CF2F09785F4073B3B1E76FF8903D4E3EF8AD62A47FF2C8342BE6AD6F57E3DC56404FBC3F3BB6A680CF49E17FC414B925EF2FFDED8D6EA0FDAC87BDB7589395E1ADBBDDD8CBF5EB25004DD05D67AE9CC72FB9F5EFEE4D7492B20F90F2C27B34AFE15A31EA363B0E2203FFCE59FAB94EBC08722D10E0C4F03DA3D29C27B92E6280FCE4AACE650F9B352CCFBAE10CFBB48CDF4FCEDEC9BF764E5DEF78D100D9E72A8977F0BFFE8E9E6A62B05E34D01B00C8D5F10B9E8F6F4542D4AEA6B4E21D5E5FEFCDE7F5187EEFF56DE9F57BC6FDC7FF15AC8DE226E7C7AF3918D7FD95BCDD25FECC32F93203217ED13FD3F3B7EE0E28F316CE930EB6BDCAC0D3BB65876CB7B820409AD206CA5F8F2B9072997AEA6101BB63658C93750EA46F1BE882C72F6460632514E935EF3283062D50C9B24D346191F4A183CEEAF7ACA51778215067DD012B0630E7F265664091AC2E62A602582B032C9E686616E92BFAA62CDE154AB2AD9AB59FC4EF56A9FAD42305C2671E3F15DFFAD6A1AF4924DC1D3044BE715FE42EBCE76FDF973BC59AEF36FACEC7B1BB1D49967A754067B523FB08B1B5006417FB2E48EE02017A3E42DAB190218A495204104000015B20D2DCDC5C5DBDDDCF636010A4D6BD8D92ECFD43C3BBF5EC17247D5BD21CDCB7B30047694B0903EE5B3C15299E9204A4CB53B28EE1D0616A515D5DEDDFD032987DC4B2A99BDD2FEEFA6FBDE0FFA209FA3719E56E5DBFB31E9545B8EC64B290A0BEDA17F76D7FF58C19CAACCC9598659ECEB030D96EDFBEDD57C0AF22FAB66849B58B17B01652B4D744D4A995F692FD8A5B60EDDAB5E147868751266D8908C84D03C78D1B97F23DC1D4C27D19A884B708A792EEEBDC3741A67701EFDB8BF71567BF9E641082DC7423F60EE3C94EA7585C67BDE4AC628EDD74E373B393CBE02D40AAA266ACA353577903E918DF94C29EA1F209785CD7A037980E9B39E9114000818E2450D16B54FB8F02E848A0D40501040A28A02F8ED55917DF7424C077D4EFEA1913177B67075BC385E5C29DDC1DCFBE64377A55E06B8105AC5AD2A17C2BE2FB60C2AE3254DA1A27AD3777E473290AB4A73EC72E3E01EBBE179E13DB7D19C74DB30FBC5C609ABDAC65FD46D9AB68CAF07F77494D7D93910D9BE6CB8D49DC4536B5931E6D632F1C28AF3EFB2DCABCFE468FCC1A72C2A25575EECED9D531EB63B323020820804047136014403BB468F15CAD2D9E92B44333780ED9311C3A4C2D325CF16BDF7325FF474F350A20FF472E96238800A3008AA531DABB1C814601B477218BEAF88C0228AAE6A03008208040110A300AA0081B8522218000020820800002082080000208209017012602E485954C114000010410400001041040000104102836014200C5D62294070104104040BDF9E69B2894B900E740999F00541F01041040204F02AC059027D874D916CF9CEDE229493B3483E7901DC3A1C3D482B50010D8BB77EFC68D1BDBF76D81A31783C059679DD5AB57AF327F45846A08D60208C54562041040A00C05642D004200EDD0EEC5D3552B9E92B443331002685FF414479773B2CCBFEEB31C200245F9D26CB742713E84A22704108A8BC408208040190AB01C6019363A554600010410400001041040000104102853819C8D0228533FAA8D000208208000020820D0DE02C7757DA5BD8BC0F1114000811210C8D9448012A82B4544000104104000010410400001041040A08C05980850C68D4FD5114000010410400001041040000104CA4C809B02965983535D0410400001041040000104104000817215200450AE2D4FBD114000010410400001041040000104CA4C801040993538D54500010410400001041040000104102857014200E5DAF2D41B0104104000010410400001041040A0CC040801945983535D0410400001041040000104104000817215200450AE2D4FBD114000010410400001041040000104CA4C801040993538D54500010410400001041040000104102857014200E5DAF2D41B0104104000010410400001041040A0CC040801945983535D0410400001041040000104104000817215200450AE2D4FBD114000010410400001041040000104CA4C801040993538D54500010410400001041040000104102857014200E5DAF2D41B0104104000010410400001041040A0CC040801945983535D0410400001041040000104104000817215200450AE2D4FBD114000010410400001041040000104CA4C801040993538D54500010410400001041040000104102857014200E5DAF2D41B0104104000010410400001041040A0CC040801945983535D0410400001041040000104104000817215200450AE2D4FBD114000010410400001041040000104CA4C801040993538D54500010410400001041040000104102857014200E5DAF2D41B0104104000010410400001041040A0CC040801945983535D0410400001041040000104104000817215200450AE2D4FBD114000010410400001041040000104CA4C801040993538D54500010410400001041040000104102857014200E5DAF2D41B0104104000010410400001041040A0CC040801945983535D0410400001041040000104104000817215200450AE2D4FBD114000010410400001041040000104CA4C801040993538D54500010410400001041040000104102857014200E5DAF2D41B0104104000010410400001041040A0CC040801945983535D0410400001041040000104104000817215200450AE2D4FBD114000010410400001041040000104CA4C801040993538D54500010410400001041040000104102857014200E5DAF2D41B0104104000010410400001041040A0CC040801945983535D0410400001041040000104104000817215200450AE2D4FBD114000010410400001041040000104CA4C801040993538D54500010410400001041040000104102857014200E5DAF2D41B0104104000010410400001041040A0CC040801945983535D0410400001041040000104104000817215200450AE2D4FBD114000010410400001041040000104CA4C801040993538D54500010410400001041040000104102857014200E5DAF2D41B0104104000010410400001041040A0CC040801945983535D0410400001041040000104104000817215200450AE2D4FBD114000010410400001041040000104CA4C801040993538D54500010410400001041040000104102857814873737375F576BFEA0F0C62D2BAB7519255F6FE6890C4ED92A665CF9FDAE5B81C1401041040000104104000010410400081E211A8E8352A67218068C3DDC55331B72491DA6B08011461BB5024041040000104104000010410400081020B48088089000536E77008208000020820800002082080000208B48F002180F671E7A808208000020820800002082080000208145880104081C1391C02082080000208208000020820800002ED2350042180AD4F8EADBD6DFED6F0F5CF7AC7F087620F041040000104104000010410400001044A5D209F2180B54B65353EFB67DA934D79A5221C90575E32470001041040000104104000010410287D81BC8500A44F7EDD9BF396DF2D770AD03F4B3F5D9373ACC19F7EAEE1E6D983739E2F1922800002082080000208208000020820D00105F21602D8F656833A656442FFDC7BAD3EEEBAFD1BF553CC7881A5AB0DB23C3BEDC9D5F7DF660611CC58AB9A9CDFC7DEDF6C27D04F9919042FCE98F250833299383974C0C6A24A08208000020820800002082080000208642F90B710C0B8B3EBD4DA8941C7FF0F31E30536CF7A33B64BE34373D40C3D82E0CE718BAFBBE672E7F78605BFD161021902B0FCD25ABBE2672CD2BF9B4CA64DC85E833D11400001041040000104104000010410E8B002790B01A8331635DCBDAAE6A111D635FC805BCD1517D735FE75A5BD34E090A91F1FA0771C74B274EF3DBFBFB9298BB5030396806408208000020820800002082080000208745081FC850034D8845BF4B5FD29BF0B353EFF8DC66D1D149B6A21800002082080000208208000020820D07E02F90D01987A4DB8E5D679A3D62E0F3A1660C8A841EDE7C19111400001041040000104104000010410E8A002850801A8B5BFA96FB43AF6834F1CADEC8BFC4DCFFCB521D974EDF38B477D7852168BFC7B72EEA02D45B510400001041040000104104000010410689340DE42007AC17FB3C8FF35117D774073F7BE336E9C3544D6F693072F7FF51467313FA546A965E68E00D7A95559DE3E309673F0A507DA24C7CE08208000020820800002082080000208949440A4B9B9B9BA7ABB5F990706A948EBDE464956D9FBA332E73F48FA02A791B042CB9E3F15F8A01C0E010410400001041040000104104000816213A8E8352A6FA3008AADAE940701041040000104104000010410400081F216200450DEED4FED114000010410400001041040000104CA46801040D9343515450001041040000104104000010410286F819CAD0550B48CAC0550B44D43C11040000104104000010410400001040A26206B01E4260450B01273200410400001041040000104104000010410C84280E500B3406317041040000104104000010410400001044A5280B5004AB2D9283402082080000208208000020820800002610508018415233D0208208000020820800002082080000225294008A0249B8D422380000208208000020820800002082010568010405831D22380000208208000020820800002082050920284004AB2D9283402082080000208208000020820800002610508018415233D0208208000020820800002082080000225294008A0249B8D422380000208208000020820800002082010568010405831D22380000208208000020820800002082050920284004AB2D9283402082080000208208000020820800002610508018415233D0208208000020820800002082080000225294008A0249B8D422380000208208000020820800002082010568010405831D22380000208208000020820800002082050920284004AB2D9283402082080000208208000020820800002610508018415233D0208208000020820800002082080000225294008A0249B8D422380000208208000020820800002082010568010405831D22380000208208000020820800002082050920284004AB2D9283402082080000208208000020820800002610508018415233D0208208000020820800002082080000225294008A0249B8D422380000208208000020820800002082010568010405831D22380000208208000020820800002082050920284004AB2D9283402082080000208208000020820800002610508018415233D0208208000020820800002082080000225294008A0249B8D422380000208208000020820800002082010568010405831D22380000208208000020820800002082050920284004AB2D9283402082080000208208000020820800002610508018415233D0208208000020820800002082080000225294008A0249B8D422380000208208000020820800002082010568010405831D22380000208208000020820800002082050920284004AB2D9283402082080000208208000020820800002610508018415233D0208208000020820800002082080000225294008A0249B8D422380000208208000020820800002082010568010405831D22380000208208000020820800002082050920284004AB2D9283402082080000208208000020820800002610508018415233D0208208000020820800002082080000225294008A0249B8D422380000208208000020820800002082010568010405831D22380000208208000020820800002082050920284004AB2D9283402082080000208208000020820800002610508018415233D0208208000020820800002082080000225294008A0249B8D422380000208208000020820800002082010568010405831D22380000208208000020820800002082050920284004AB2D9283402082080000208208000020820800002610508018415233D0208208000020820800002082080000225294008A0249B8D422380000208208000020820800002082010568010405831D22380000208208000020820800002082050920284004AB2D9283402082080000208208000020820800002610508018415233D0208208000020820800002082080000225294008A0249B8D422380000208208000020820800002082010568010405831D22380000208208000020820800002082050920284004AB2D9283402082080000208208000020820800002610508018415233D0208208000020820800002082080000225294008A0249B8D422380000208208000020820800002082010568010405831D22380000208208000020820800002082050920284004AB2D9283402082080000208208000020820800002610508018415233D0208208000020820800002082080000225294008A0249B8D422380000208208000020820800002082010568010405831D22380000208208000020820800002082050920284004AB2D9283402082080000208208000020820800002610508018415233D0208208000020820800002082080000225294008A0249B8D422380000208208000020820800002082010568010405831D22380000208208000020820800002082050920284004AB2D9283402082080000208208000020820800002610508018415233D0208208000020820800002082080000225294008A0249B8D422380000208208000020820800002082010568010405831D22380000208208000020820800002082050920284004AB2D9283402082080000208208000020820800002610508018415233D0208208000020820800002082080000225294008A0249B8D422380000208208000020820800002082010568010405831D22380000208208000020820800002082050920284004AB2D9283402082080000208208000020820800002610508018415233D0208208000020820800002082080000225294008A0249B8D422380000208208000020820800002082010568010405831D22380000208208000020820800002082050920284004AB2D9283402082080000208208000020820800002610508018415233D0208208000020820800002082080000225294008A0249B8D422380000208208000020820800002082010568010405831D22380000208208000020820800002082050920284004AB2D9283402082080000208208000020820800002610508018415233D0208208000020820800002082080000225294008A0249B8D422380000208208000020820800002082010568010405831D22380000208208000020820800002082050920284004AB2D9283402082080000208208000020820800002610508018415233D0208208000020820800002082080000225294008A0249B8D422380000208208000020820800002082010568010405831D22380000208208000020820800002082050920284004AB2D9283402082080000208208000020820800002610508018415233D0208208000020820800002082080000225294008A0249B8D422380000208208000020820800002082010568010405831D22380000208208000020820800002082050920284004AB2D9283402082080000208208000020820800002610508018415233D0208208000020820800002082080000225294008A0249B8D422380000208208000020820800002082010568010405831D22380000208208000020820800002082050920284004AB2D9283402082080000208208000020820800002610508018415233D0208208000020820800002082080000225294008A0249B8D422380000208208000020820800002082010568010405831D22380000208208000020820800002082050920284004AB2D9283402082080000208208000020820800002610508018415233D0208208000020820800002082080000225294008A0249B8D422380000208208000020820800002082010568010405831D22380000208208000020820800002082050920284004AB2D9283402082080000208208000020820800002610508018415233D0208208000020820800002082080000225294008A0249B8D422380000208208000020820800002082010568010405831D22380000208208000020820800002082050920284004AB2D9283402082080000208208000020820800002610508018415233D0208208000020820800002082080000225294008A0249B8D422380000208208000020820800002082010568010405831D22380000208208000020820800002082050920284004AB2D9283402082080000208208000020820800002610508018415233D0208208000020820800002082080000225294008A0249B8D422380000208208000020820800002082010568010405831D22380000208208000020820800002082050920284004AB2D9283402082080000208208000020820800002610508018415233D0208208000020820800002082080000225294008A0249B8D422380000208208000020820800002082010568010405831D22380000208208000020820800002082050920284004AB2D9283402082080000208208000020820800002610508018415233D0208208000020820800002082080000225294008A0249B8D422380000208208000020820800002082010568010405831D22380000208208000020820800002082050920284004AB2D9283402082080000208208000020820800002610508018415233D0208208000020820800002082080000225294008A0249B8D422380000208208000020820800002082010568010405831D22380000208208000020820800002082050920284004AB2D9283402082080000208208000020820800002610508018415233D0208208000020820800002082080000225294008A0249B8D422380000208208000020820800002082010568010405831D22380000208208000020820800002082050920284004AB2D9283402082080000208208000020820800002610508018415233D0208208000020820800002082080000225294008A0249B8D422380000208208000020820800002082010568010405831D22380000208208000020820800002082050920284004AB2D9283402082080000208208000020820800002610508018415233D0208208000020820800002082080000225294008A0249B8D422380000208208000020820800002082010568010405831D22380000208208000020820800002082050920284004AB2D9283402082080000208208000020820800002610508018415233D0208208000020820800002082080000225294008A0249B8D422380000208208000020820800002082010568010405831D22380000208208000020820800002082050920284004AB2D9283402082080000208208000020820800002610508018415233D0208208000020820800002082080000225294008A0249B8D422380000208208000020820800002082010568010405831D22380000208208000020820800002082050920284004AB2D9283402082080000208208000020820800002610508018415233D0208208000020820800002082080000225294008A0249B8D422380000208208000020820800002082010568010405831D22380000208208000020820800002082050920284004AB2D9283402082080000208208000020820800002610508018415233D0208208000020820800002082080000225294008A0249B8D422380000208208000020820800002082010568010405831D22380000208208000020820800002082050920284004AB2D9283402082080000208208000020820800002610508018415233D0208208000020820800002082080000225294008A0249B8D422380000208208000020820800002082010568010405831D22380000208208000020820800002082050920284004AB2D9283402082080000208208000020820800002610508018415233D0208208000020820800002082080000225294008A0249B8D422380000208208000020820800002082010568010405831D22380000208208000020820800002082050920284004AB2D9283402082080000208208000020820800002610508018415233D0208208000020820800002082080000225294008A0249B8D422380000208208000020820800002082010568010405831D22380000208208000020820800002082050920284004AB2D9283402082080000208208000020820800002610508018415233D0208208000020820800002082080000225294008A0249B8D422380000208208000020820800002082010568010405831D22380000208208000020820800002082050920284004AB2D928340208FCFFEDDB418B1B051806E04CD782B5AB28B8888A220822089EF4D8ABFFCBFFE00FE8B9F46EAF3D7A100A05D183887828AC08825814DC8C33994CB6D51EF645B0BCBB4F4A69B2FB66F3CDF38599F42D254080000102040810204080402AA00248C5E4091020408000010204081020408040A5800AA0726D86264080000102040810204080000102A9800A20159327408000010204081020408000010295022A80CAB5199A0001020408102040800001020408A4022A80544C9E0001020408102040800001020408540AA8002AD766680204081020408000010204081020900AA80052317902040810204080000102040810205029A002A85C9BA10910204080000102040810204080402AA00248C5E4091020408000010204081020408040A5800AA0726D86264080000102040810204080000102A9800A20159327408000010204081020408000010295022A80CAB5199A0001020408102040800001020408A4022A80544C9E0001020408102040800001020408540AA8002AD766680204081020408000010204081020900AA80052317902040810204080000102040810205029A002A85C9BA10910204080000102040810204080402AA00248C5E4091020408000010204081020408040A5800AA0726D86264080000102040810204080000102A9800A20159327408000010204081020408000010295022A80CAB5199A0001020408102040800001020408A4022A80544C9E0001020408102040800001020408540AA8002AD766680204081020408000010204081020900AA80052317902040810204080000102040810205029A002A85C9BA10910204080000102040810204080402AA00248C5E4091020408000010204081020408040A5800AA0726D86264080000102040810204080000102A9800A20159327408000010204081020408000010295022A80CAB5199A0001020408102040800001020408A4022A80544C9E0001020408102040800001020408540AA8002AD766680204081020408000010204081020900AA80052317902040810204080000102040810205029A002A85C9BA10910204080000102040810204080402AA00248C5E4091020408000010204081020408040A5800AA0726D86264080000102040810204080000102A9800A20159327408000010204081020408000010295022A80CAB5199A0001020408102040800001020408A4022A80544C9E0001020408102040800001020408540AA8002AD766680204081020408000010204081020900AA80052317902040810204080000102040810205029A002A85C9BA10910204080000102040810204080402AA00248C5E4091020408000010204081020408040A5800AA0726D86264080000102040810204080000102A9800A20159327408000010204081020408000010295022A80CAB5199A0001020408102040800001020408A4022A80544C9E0001020408102040800001020408540AA8002AD766680204081020408000010204081020900AA80052317902040810204080000102040810205029A002A85C9BA10910204080000102040810204080402AA00248C5E4091020408000010204081020408040A5800AA0726D86264080000102040810204080000102A9800A20159327408000010204081020408000010295022A80CAB5199A0001020408102040800001020408A4022A80544C9E0001020408102040800001020408540AA8002AD766680204081020408000010204081020900AA80052317902040810204080000102040810205029A002A85C9BA10910204080000102040810204080402AA00248C5E4091020408000010204081020408040A5800AA0726D86264080000102040810204080000102A9800A20159327408000010204081020408000010295022A80CAB5199A0001020408102040800001020408A4022A80544C9E0001020408102040800001020408540AA8002AD766680204081020408000010204081020900AA80052317902040810204080000102040810205029A002A85C9BA10910204080000102040810204080402AA00248C5E4091020408000010204081020408040A5800AA0726D86264080000102040810204080000102A9800A20159327408000010204081020408000010295022A80CAB5199A0001020408102040800001020408A4022A80544C9E0001020408102040800001020408540AA8002AD766680204081020408000010204081020900AA80052317902040810204080000102040810205029A002A85C9BA10910204080000102040810204080402AA00248C5E4091020408000010204081020408040A5800AA0726D86264080000102040810204080000102A9800A20159327408000010204081020408000010295022A80CAB5199A0001020408102040800001020408A4022A80544C9E0001020408102040800001020408540AA8002AD766680204081020408000010204081020900AA80052317902040810204080000102040810205029A002A85C9BA10910204080000102040810204080402AA00248C5E4091020408000010204081020408040A5800AA0726D86264080000102040810204080000102A9800A20159327408000010204081020408000010295022A80CAB5199A0001020408102040800001020408A4022A80544C9E0001020408102040800001020408540AA8002AD766680204081020408000010204081020900AA80052317902040810204080000102040810205029A002A85C9BA10910204080000102040810204080402AA00248C5E4091020408000010204081020408040A5800AA0726D86264080000102040810204080000102A9800A20159327408000010204081020408000010295022A80CAB5199A0001020408102040800001020408A4022A80544C9E0001020408102040800001020408540AA8002AD766680204081020408000010204081020900AA80052317902040810204080000102040810205029A002A85C9BA10910204080000102040810204080402AA00248C5E4091020408000010204081020408040A5800AA0726D86264080000102040810204080000102A9800A20159327408000010204081020408000010295022A80CAB5199A0001020408102040800001020408A4022A80544C9E0001020408102040800001020408540AA8002AD766680204081020408000010204081020900AA80052317902040810204080000102040810205029A002A85C9BA10910204080000102040810204080402AA00248C5E4091020408000010204081020408040A5800AA0726D86264080000102040810204080000102A9800A20159327408000010204081020408000010295022A80CAB5199A0001020408102040800001020408A4022A80544C9E0001020408102040800001020408540AA8002AD766680204081020408000010204081020900AA80052317902040810204080000102040810205029309C9E9E9E9CFCFCACD9DFAE3C204313204080000102040810204080000102CF1218C6F15732040810204080000102040810204080C0A517F01F012EFD8A1D20010204081020408000010204081098055400DE070408102040800001020408102040E04A08A800AEC49A1D2401020408102040800001020408105001780F1020408000010204081020408000812B21A002B8126B7690040810204080000102040810204060F8FC8B3B150AC3306CA6DFC3306EB73F7EFFED2FA78FFEFCE3F193938FE3B8D90C9BCD38FD9AFFFCC76D1CB7E378F8F279687ADAF4C4E51BD31377CF9F7FCA7C7FFE417372F7E022B7E3975F7DEF838F3EBDF5D9BDBBB797FC8D9BC71F7EFCC95BEFBE3FDDDF6ECFBE7BF8F5A39F7E78FCFB6FF38BEE5E7AF7F3D7BB9BE9E0B6F383F9C5F7B7F37BFBF8E159FBE72F81E519EBEFF548F687B13CBCE8514CD9C3811C1D1D5DE4C0650810788E02BDE7967F4FBE1DA773E053A7C4F3B3E57C129B4F92EBB9733D27CE5FD99F34D773E79CD99FD00FA7C18B9D030F67BFFB5FDE7DF1C64B276FBE736DBE1DBD70FDFACDE3575E7BFD8DF962D47C3EBF4CEF96966B28F37553FFDFE7965EF3E77829F1D20781273E51AF1FC3A7EBD27AF5D9BD8FA78BD5FE62B4BB2CCD9FDEE7C7F31797CBD4EEBBBB87BB8FE7EBC3F5EEF295E533FFE132670504FE8BC0370FBE9A9E7EF8DBEE70EDA97FE95F3EBD2CDF3F3BFBEB6FFE718591470381F80000000049454E44AE426082,'afasfsd','sfsdfsd');
/*!40000 ALTER TABLE `image_master` ENABLE KEYS */;


--
-- Definition of table `item_master`
--

DROP TABLE IF EXISTS `item_master`;
CREATE TABLE `item_master` (
  `item_master_id` int(11) NOT NULL AUTO_INCREMENT,
  `item_name` varchar(45) DEFAULT NULL,
  `item_description` varchar(500) DEFAULT NULL,
  `category_id` int(11) DEFAULT NULL,
  `image_id` int(11) DEFAULT NULL,
  `base_quantity` decimal(18,2) DEFAULT NULL,
  `mrp` decimal(18,2) DEFAULT NULL,
  `price_after_discount` decimal(18,2) DEFAULT NULL,
  `uom_code` varchar(45) DEFAULT NULL,
  `created_date` datetime DEFAULT NULL,
  `modified_date` datetime DEFAULT NULL,
  PRIMARY KEY (`item_master_id`),
  KEY `item_master_1` (`category_id`),
  KEY `FK_item_master_2` (`image_id`),
  CONSTRAINT `FK_item_master_2` FOREIGN KEY (`image_id`) REFERENCES `image_master` (`image_master_id`),
  CONSTRAINT `item_master_1` FOREIGN KEY (`category_id`) REFERENCES `category_master` (`category_master_id`)
) ENGINE=InnoDB AUTO_INCREMENT=21 DEFAULT CHARSET=utf8;

--
-- Dumping data for table `item_master`
--

/*!40000 ALTER TABLE `item_master` DISABLE KEYS */;
INSERT INTO `item_master` (`item_master_id`,`item_name`,`item_description`,`category_id`,`image_id`,`base_quantity`,`mrp`,`price_after_discount`,`uom_code`,`created_date`,`modified_date`) VALUES 
 (1,'Shimla Apples','Apple',15,NULL,'0.50','120.00','100.00','Kg','2016-05-30 17:46:50','2016-05-30 17:46:50'),
 (2,'Lays','lays',3,NULL,'1.00','10.00','10.00','Unit','2016-05-30 17:46:50','2016-05-30 17:46:50'),
 (3,'Balaji','Balaji Chips',3,NULL,'1.00','10.00','10.00','Unit','2016-05-30 17:46:50','2016-05-30 17:46:50'),
 (4,'Cadbury Chocolate','Cadbury Chocolate',4,NULL,'1.00','20.00','18.00','Unit','2016-05-30 17:46:50','2016-05-30 17:46:50'),
 (5,'Cadbury Silk Chocolate','Cadbury Silk Chocolate',4,NULL,'1.00','60.00','48.00','Unit','2016-05-30 17:46:50','2016-05-30 17:46:50'),
 (6,'Tropicana Fruit Juice','Tropicana Fruit Juice',5,NULL,'1.00','80.00','80.00','Litre','2016-05-30 17:46:50','2016-05-30 17:46:50'),
 (7,'Danone Milk','Danon Pasturised Milk',5,NULL,'1.00','60.00','60.00','Litre','2016-05-30 17:46:50','2016-05-30 17:46:50'),
 (8,'Moto X Play','Motorola X Play Phone',8,NULL,'1.00','18000.00','18000.00','Unit','2016-05-30 17:46:50','2016-05-30 17:46:50');
INSERT INTO `item_master` (`item_master_id`,`item_name`,`item_description`,`category_id`,`image_id`,`base_quantity`,`mrp`,`price_after_discount`,`uom_code`,`created_date`,`modified_date`) VALUES 
 (9,'Lenovo Computer Mouse','Lenovo Laser Computer Mouse',9,NULL,'1.00','200.00','140.00','Unit','2016-05-30 17:46:50','2016-05-30 17:46:50'),
 (10,'Mug','Mug',13,NULL,'1.00','75.00','37.50','Unit','2016-05-30 17:46:50','2016-05-30 17:46:50'),
 (11,'HeadFirst Java Book','HeadFirst Java Book',11,NULL,'1.00','625.00','500.00','Unit','2016-05-30 17:46:50','2016-05-30 17:46:50'),
 (12,'Bose High Quality Speakers','Bluetooth Operated Speakers',9,NULL,'1.00','12000.00','8400.00','Unit','2016-05-30 17:46:50','2016-05-30 17:46:50'),
 (13,'Plastic Box','Plastic TIffin Box',14,NULL,'1.00','25.00','25.00','Unit','2016-05-30 17:46:50','2016-05-30 17:46:50'),
 (14,'Dark Fantasy ITC Biscuit','Dark Fantasy ITC Biscuit',6,NULL,'1.00','60.00','60.00','Unit','2016-05-30 17:46:50','2016-05-30 17:46:50'),
 (15,'Wonder Spiral Notepad','Spiral notepad',11,NULL,'1.00','15.00','12.00','Unit','2016-05-30 17:46:50','2016-05-30 17:46:50'),
 (16,'Crocin Tablet','Crocin Tablets',17,NULL,'1.00','14.00','14.00','Unit','2016-05-30 17:46:50','2016-05-30 17:46:50');
INSERT INTO `item_master` (`item_master_id`,`item_name`,`item_description`,`category_id`,`image_id`,`base_quantity`,`mrp`,`price_after_discount`,`uom_code`,`created_date`,`modified_date`) VALUES 
 (17,'Dabar Glucon D','Glucose Powder',17,NULL,'1.00','23.00','23.00','Unit','2016-05-30 17:46:50','2016-05-30 17:46:50'),
 (18,'Headphones','Headphones',9,NULL,'1.00','170.00','119.00','Unit','2016-05-30 17:46:50','2016-05-30 17:46:50'),
 (19,'Computer Mouse Pad','Mouse Pad',9,NULL,'1.00','35.00','24.50','Unit','2016-05-30 17:46:50','2016-05-30 17:46:50'),
 (20,'Taj Tea','Taj Tea',5,NULL,'1.00','40.00','40.00','Unit','2016-05-30 17:46:50','2016-05-30 17:46:50');
/*!40000 ALTER TABLE `item_master` ENABLE KEYS */;


--
-- Definition of table `item_rfid_barcode`
--

DROP TABLE IF EXISTS `item_rfid_barcode`;
CREATE TABLE `item_rfid_barcode` (
  `rfid_string` varchar(100) NOT NULL,
  `item_id` int(11) DEFAULT NULL,
  `barcode_string` varchar(100) DEFAULT NULL,
  PRIMARY KEY (`rfid_string`),
  KEY `item_rfid_barcode_1` (`item_id`),
  CONSTRAINT `item_rfid_barcode_1` FOREIGN KEY (`item_id`) REFERENCES `item_master` (`item_master_id`)
) ENGINE=InnoDB DEFAULT CHARSET=utf8;

--
-- Dumping data for table `item_rfid_barcode`
--

/*!40000 ALTER TABLE `item_rfid_barcode` DISABLE KEYS */;
INSERT INTO `item_rfid_barcode` (`rfid_string`,`item_id`,`barcode_string`) VALUES 
 ('sfsfsdfsfsdf',1,'345353453jkjkjk'),
 ('srsr',2,'fngfhgfhf'),
 ('xcbdgdfg56465',1,'45354hgghj');
/*!40000 ALTER TABLE `item_rfid_barcode` ENABLE KEYS */;


--
-- Definition of table `offer_master`
--

DROP TABLE IF EXISTS `offer_master`;
CREATE TABLE `offer_master` (
  `offer_master_id` int(11) NOT NULL AUTO_INCREMENT,
  `offer_name` varchar(45) DEFAULT NULL,
  `image_id` int(11) DEFAULT NULL,
  PRIMARY KEY (`offer_master_id`),
  KEY `FK_offer_master_1` (`image_id`),
  CONSTRAINT `FK_offer_master_1` FOREIGN KEY (`image_id`) REFERENCES `image_master` (`image_master_id`)
) ENGINE=InnoDB AUTO_INCREMENT=10007 DEFAULT CHARSET=utf8;

--
-- Dumping data for table `offer_master`
--

/*!40000 ALTER TABLE `offer_master` DISABLE KEYS */;
INSERT INTO `offer_master` (`offer_master_id`,`offer_name`,`image_id`) VALUES 
 (10001,'ByOneGetOne',NULL),
 (10002,'ByThreeGetOne',NULL),
 (10003,'Flat 30% Off on Computer peripherals',NULL),
 (10004,'Flat 20% Off on Books',NULL),
 (10005,'Flat 50 % Off Tableware',NULL),
 (10006,'Chocolates at 20% Off',NULL);
/*!40000 ALTER TABLE `offer_master` ENABLE KEYS */;


--
-- Definition of table `user_cart_item`
--

DROP TABLE IF EXISTS `user_cart_item`;
CREATE TABLE `user_cart_item` (
  `user_cart_item_id` int(11) NOT NULL AUTO_INCREMENT,
  `user_checklist_id` int(11) DEFAULT NULL,
  `user_id` varchar(45) DEFAULT NULL,
  `item_id` int(11) DEFAULT NULL,
  `quantity` decimal(18,2) DEFAULT NULL,
  `cart_item_cost` decimal(18,2) DEFAULT NULL,
  `cost_after_discount` decimal(18,2) DEFAULT NULL,
  `is_checked_out` char(1) DEFAULT NULL,
  PRIMARY KEY (`user_cart_item_id`),
  KEY `user_cart_item_1` (`user_checklist_id`),
  KEY `user_cart_item_2` (`item_id`),
  KEY `user_cart_item_3` (`user_id`),
  CONSTRAINT `user_cart_item_1` FOREIGN KEY (`user_checklist_id`) REFERENCES `user_checklist` (`user_checklist_id`),
  CONSTRAINT `user_cart_item_2` FOREIGN KEY (`item_id`) REFERENCES `item_master` (`item_master_id`),
  CONSTRAINT `user_cart_item_3` FOREIGN KEY (`user_id`) REFERENCES `user_master` (`user_id`)
) ENGINE=InnoDB AUTO_INCREMENT=8 DEFAULT CHARSET=utf8;

--
-- Dumping data for table `user_cart_item`
--

/*!40000 ALTER TABLE `user_cart_item` DISABLE KEYS */;
INSERT INTO `user_cart_item` (`user_cart_item_id`,`user_checklist_id`,`user_id`,`item_id`,`quantity`,`cart_item_cost`,`cost_after_discount`,`is_checked_out`) VALUES 
 (1,1,'10608620',1,'1.00','120.00','100.00','N'),
 (2,2,'10608620',2,'2.00','20.00','20.00','N'),
 (3,3,'10608620',5,'1.00','60.00','48.00','N'),
 (4,4,'10608620',10,'1.00','75.00','37.50','N'),
 (6,25,'10608620',9,'100.00','200.00','180.00','N'),
 (7,25,'10608620',9,'90.00','200.00','180.00','N');
/*!40000 ALTER TABLE `user_cart_item` ENABLE KEYS */;


--
-- Definition of table `user_checklist`
--

DROP TABLE IF EXISTS `user_checklist`;
CREATE TABLE `user_checklist` (
  `user_checklist_id` int(11) NOT NULL AUTO_INCREMENT,
  `user_id` varchar(45) DEFAULT NULL,
  `item_id` int(11) DEFAULT NULL,
  `table_type` char(1) DEFAULT NULL,
  `quantity` decimal(18,2) DEFAULT NULL,
  `is_active` char(1) DEFAULT NULL,
  `is_purchased` char(1) DEFAULT NULL,
  `purchase_date` datetime DEFAULT NULL,
  `created_date` datetime DEFAULT NULL,
  `modified_date` datetime DEFAULT NULL,
  PRIMARY KEY (`user_checklist_id`),
  KEY `user_checklist` (`user_id`),
  CONSTRAINT `user_checklist` FOREIGN KEY (`user_id`) REFERENCES `user_master` (`user_id`)
) ENGINE=InnoDB AUTO_INCREMENT=28 DEFAULT CHARSET=utf8;

--
-- Dumping data for table `user_checklist`
--

/*!40000 ALTER TABLE `user_checklist` DISABLE KEYS */;
INSERT INTO `user_checklist` (`user_checklist_id`,`user_id`,`item_id`,`table_type`,`quantity`,`is_active`,`is_purchased`,`purchase_date`,`created_date`,`modified_date`) VALUES 
 (1,'10608620',1,'1','1.00','Y','N','2016-05-18 11:48:09',NULL,NULL),
 (2,'10608620',2,'1','2.00','Y','N','2016-05-18 11:48:09',NULL,NULL),
 (3,'10608620',5,'1','1.00','Y','N','2016-05-18 11:48:09',NULL,NULL),
 (4,'10608620',10,'1','1.00','Y','N','2016-05-18 11:48:09',NULL,NULL),
 (5,'10608620',11,'1','1.00','Y','N','2016-05-18 11:48:09',NULL,NULL),
 (6,'10608620',8,'1','1.00','N','Y','2016-05-01 11:48:09',NULL,NULL),
 (7,'10608620',12,'1','1.00','N','Y','2016-05-02 11:48:09',NULL,NULL),
 (8,'10608620',9,'1','1.00','N','Y','2016-05-02 11:48:09',NULL,NULL),
 (9,'10608620',11,'1','1.00','N','Y','2016-05-03 11:48:09',NULL,NULL),
 (10,'10608620',19,'1','1.00','N','Y','2016-05-03 11:48:09',NULL,NULL),
 (11,'10608620',16,'1','1.00','N','Y','2016-05-03 11:48:09',NULL,NULL),
 (12,'10608620',5,'1','2.00','N','Y','2016-05-04 11:48:09',NULL,NULL),
 (13,'10608620',10,'1','2.00','N','Y','2016-05-04 11:48:09',NULL,NULL);
INSERT INTO `user_checklist` (`user_checklist_id`,`user_id`,`item_id`,`table_type`,`quantity`,`is_active`,`is_purchased`,`purchase_date`,`created_date`,`modified_date`) VALUES 
 (14,'10621296',6,'1','1.00','Y','N','2016-05-18 11:48:09',NULL,NULL),
 (15,'10621296',7,'1','1.00','Y','N','2016-05-18 11:48:09',NULL,NULL),
 (16,'10621296',14,'1','1.00','Y','N','2016-05-18 11:48:09',NULL,NULL),
 (17,'10621296',15,'1','1.00','N','Y','2016-05-02 11:48:09',NULL,NULL),
 (18,'10621296',16,'1','1.00','N','Y','2016-05-02 11:48:09',NULL,NULL),
 (19,'10621296',17,'1','1.00','N','Y','2016-05-02 11:48:09',NULL,NULL),
 (20,'10621296',19,'1','1.00','N','Y','2016-05-02 11:48:09',NULL,NULL),
 (21,'10608620',7,'1','1.00','Y','N','2016-05-02 11:48:09',NULL,NULL),
 (22,'10608620',9,'1','100.00','Y','Y','2016-05-19 19:59:37',NULL,NULL),
 (23,'10608620',9,'1','20.00','Y','N','2016-05-19 15:08:03',NULL,NULL),
 (24,'10608620',7,'1','500.00','Y','Y','2016-05-20 12:06:40',NULL,NULL),
 (25,'10608620',9,'1','500.00','Y','N','2016-05-20 16:54:18',NULL,NULL),
 (26,'10608620',9,'1','500.00','Y','N','2016-05-20 17:04:21',NULL,NULL);
INSERT INTO `user_checklist` (`user_checklist_id`,`user_id`,`item_id`,`table_type`,`quantity`,`is_active`,`is_purchased`,`purchase_date`,`created_date`,`modified_date`) VALUES 
 (27,'10608620',9,'1','700.00','Y','N','2016-05-20 17:19:20',NULL,NULL);
/*!40000 ALTER TABLE `user_checklist` ENABLE KEYS */;


--
-- Definition of table `user_master`
--

DROP TABLE IF EXISTS `user_master`;
CREATE TABLE `user_master` (
  `user_id` varchar(45) NOT NULL,
  `password` varchar(45) DEFAULT NULL,
  `first_name` varchar(50) DEFAULT NULL,
  `middle_name` varchar(50) DEFAULT NULL,
  `last_name` varchar(50) DEFAULT NULL,
  `email_id` varchar(100) DEFAULT NULL,
  `image_id` int(11) DEFAULT NULL,
  `wallet_balance` decimal(18,2) DEFAULT NULL,
  `last_log_in` datetime DEFAULT NULL,
  PRIMARY KEY (`user_id`),
  KEY `FK_user_master_1` (`image_id`),
  CONSTRAINT `FK_user_master_1` FOREIGN KEY (`image_id`) REFERENCES `image_master` (`image_master_id`)
) ENGINE=InnoDB DEFAULT CHARSET=utf8;

--
-- Dumping data for table `user_master`
--

/*!40000 ALTER TABLE `user_master` DISABLE KEYS */;
INSERT INTO `user_master` (`user_id`,`password`,`first_name`,`middle_name`,`last_name`,`email_id`,`image_id`,`wallet_balance`,`last_log_in`) VALUES 
 ('10608620','Newuser@123','Vinit',NULL,'Divekar','vinit.divekar@lntinfotech.com',NULL,'800.00','2016-05-30 17:46:50'),
 ('10621296','Newuser@123','Satyavati',NULL,'Mishra','satyavati.mishra@lntinfotech.com',NULL,'500.00','2016-05-28 17:46:50');
/*!40000 ALTER TABLE `user_master` ENABLE KEYS */;


--
-- Definition of table `user_transaction_history`
--

DROP TABLE IF EXISTS `user_transaction_history`;
CREATE TABLE `user_transaction_history` (
  `user_transaction_history_id` int(11) NOT NULL AUTO_INCREMENT,
  `user_id` varchar(45) DEFAULT NULL,
  `transaction_amount` decimal(18,2) DEFAULT NULL,
  `transaction_date` datetime DEFAULT NULL,
  PRIMARY KEY (`user_transaction_history_id`),
  KEY `user_transaction_history_1` (`user_id`),
  CONSTRAINT `user_transaction_history_1` FOREIGN KEY (`user_id`) REFERENCES `user_master` (`user_id`)
) ENGINE=InnoDB AUTO_INCREMENT=6 DEFAULT CHARSET=utf8;

--
-- Dumping data for table `user_transaction_history`
--

/*!40000 ALTER TABLE `user_transaction_history` DISABLE KEYS */;
INSERT INTO `user_transaction_history` (`user_transaction_history_id`,`user_id`,`transaction_amount`,`transaction_date`) VALUES 
 (1,'10608620','18000.00','2016-05-01 11:48:09'),
 (2,'10608620','8540.00','2016-05-02 11:48:09'),
 (3,'10608620','654.00','2016-05-03 11:48:09'),
 (4,'10608620','171.00','2016-05-04 11:48:09'),
 (5,'10621296','73.50','2016-05-02 11:48:09');
/*!40000 ALTER TABLE `user_transaction_history` ENABLE KEYS */;




/*!40101 SET SQL_MODE=@OLD_SQL_MODE */;
/*!40014 SET FOREIGN_KEY_CHECKS=@OLD_FOREIGN_KEY_CHECKS */;
/*!40014 SET UNIQUE_CHECKS=@OLD_UNIQUE_CHECKS */;
/*!40101 SET CHARACTER_SET_CLIENT=@OLD_CHARACTER_SET_CLIENT */;
/*!40101 SET CHARACTER_SET_RESULTS=@OLD_CHARACTER_SET_RESULTS */;
/*!40101 SET COLLATION_CONNECTION=@OLD_COLLATION_CONNECTION */;
/*!40101 SET CHARACTER_SET_CLIENT=@OLD_CHARACTER_SET_CLIENT */;
